 gamma
 Z
 Z
 Z
 Z
 Z
 Z
 Z
 Z
 Z
 Z
 Z
 Z
 Z
 Z
 Z
 Z
 Z
 Z
 Z
 Z
 Z
 Z
 Z
 Z
 Z
 0.000E+00  0.000E+00  0.000E+00  0.000E+00  0.000E+00  0.000E+00  0.000E+00  0.000E+00  0.000E+00  0.000E+00  0.000E+00  0.000E+00  0.000E+00  0.000E+00  0.000E+00  0.000E+00  0.000E+00  0.000E+00  0.000E+00  0.000E+00  0.000E+00  0.000E+00  0.000E+00  0.000E+00  0.000E+00  0.000E+00  0.000E+00  3.118E-05  6.057E-05  8.963E-05  4.131E-04  2.626E-04  6.588E-04  1.499E-03  1.478E-03  2.081E-03  2.815E-03  3.600E-03  4.178E-03  5.797E-03  7.726E-03  8.867E-03  1.216E-02  1.400E-02  1.521E-02  1.985E-02  2.315E-02  2.796E-02  3.366E-02  4.019E-02  4.667E-02  5.569E-02  6.650E-02  7.819E-02  9.389E-02  1.109E-01  1.282E-01  1.481E-01  1.721E-01  1.968E-01  2.326E-01  2.679E-01  3.108E-01  3.522E-01  4.078E-01  4.631E-01  5.195E-01  5.879E-01  6.626E-01  7.450E-01  8.399E-01  9.422E-01  1.050E+00  1.175E+00  1.303E+00  1.453E+00  1.607E+00  1.782E+00  1.951E+00  2.141E+00  2.351E+00  2.559E+00  2.806E+00  3.036E+00  3.313E+00  3.574E+00  3.875E+00  4.174E+00  4.482E+00  4.823E+00  5.153E+00  5.492E+00  5.858E+00  6.257E+00  6.624E+00  7.019E+00  7.420E+00  7.805E+00  8.226E+00  8.674E+00  9.070E+00  9.475E+00  9.910E+00  1.034E+01  1.076E+01  1.119E+01  1.158E+01  1.199E+01  1.239E+01  1.279E+01  1.316E+01  1.352E+01  1.387E+01  1.420E+01  1.457E+01  1.493E+01  1.530E+01  1.566E+01  1.603E+01  1.626E+01  1.650E+01  1.664E+01  1.676E+01  1.682E+01  1.684E+01  1.682E+01  1.675E+01  1.665E+01  1.652E+01  1.637E+01  1.618E+01  1.595E+01  1.570E+01  1.544E+01  1.511E+01  1.477E+01  1.438E+01  1.403E+01  1.358E+01  1.315E+01  1.271E+01  1.224E+01  1.176E+01  1.127E+01  1.078E+01  1.028E+01  9.765E+00  9.270E+00  8.763E+00  8.259E+00  7.772E+00  7.286E+00  6.807E+00  6.349E+00  5.910E+00  5.459E+00  5.041E+00  4.642E+00  4.275E+00  3.892E+00  3.550E+00  3.234E+00  2.928E+00  2.639E+00  2.384E+00  2.150E+00  1.913E+00  1.713E+00  1.526E+00  1.358E+00  1.195E+00  1.054E+00  9.299E-01  8.239E-01  7.145E-01  6.250E-01  5.431E-01  4.692E-01  4.103E-01  3.555E-01  3.083E-01  2.675E-01  2.298E-01  1.987E-01  1.759E-01  1.484E-01  1.295E-01  1.140E-01  9.818E-02  8.643E-02  7.609E-02  6.824E-02  5.854E-02  5.191E-02  4.874E-02  4.370E-02  4.021E-02  3.498E-02  3.398E-02  3.128E-02  2.974E-02  2.952E-02  2.730E-02  2.814E-02  2.706E-02  2.586E-02  2.710E-02  2.453E-02  2.627E-02  2.572E-02  2.465E-02  2.582E-02  2.473E-02  2.455E-02  2.517E-02  2.532E-02  2.435E-02  2.482E-02  2.551E-02  2.315E-02  2.372E-02  2.297E-02  2.274E-02  2.250E-02  2.189E-02  2.187E-02  2.168E-02  2.145E-02  2.093E-02  1.995E-02  2.028E-02  1.959E-02  1.886E-02  1.851E-02  1.876E-02  1.751E-02  1.763E-02  1.737E-02  1.807E-02  1.741E-02  1.770E-02  1.710E-02  1.680E-02  1.708E-02  1.711E-02  1.724E-02  1.724E-02  1.731E-02  1.716E-01  Z
 0.000E+00  0.000E+00  0.000E+00  0.000E+00  0.000E+00  0.000E+00  0.000E+00  0.000E+00  0.000E+00  0.000E+00  0.000E+00  0.000E+00  0.000E+00  0.000E+00  0.000E+00  0.000E+00  0.000E+00  0.000E+00  0.000E+00  0.000E+00  0.000E+00  0.000E+00  6.931E-05  1.684E-04  2.982E-04  3.235E-04  1.910E-04  7.786E-04  4.902E-04  1.353E-03  1.890E-03  1.920E-03  2.267E-03  3.360E-03  3.817E-03  4.684E-03  5.524E-03  6.026E-03  8.365E-03  9.533E-03  1.206E-02  1.266E-02  1.620E-02  2.040E-02  2.291E-02  2.779E-02  3.327E-02  3.937E-02  4.439E-02  5.529E-02  6.239E-02  7.215E-02  8.385E-02  9.834E-02  1.167E-01  1.327E-01  1.506E-01  1.721E-01  1.990E-01  2.311E-01  2.662E-01  3.011E-01  3.417E-01  3.862E-01  4.383E-01  4.891E-01  5.642E-01  6.296E-01  7.077E-01  7.924E-01  8.832E-01  9.754E-01  1.094E+00  1.219E+00  1.339E+00  1.476E+00  1.635E+00  1.782E+00  1.972E+00  2.157E+00  2.361E+00  2.557E+00  2.788E+00  3.010E+00  3.274E+00  3.534E+00  3.809E+00  4.082E+00  4.388E+00  4.683E+00  5.019E+00  5.366E+00  5.695E+00  6.068E+00  6.414E+00  6.834E+00  7.204E+00  7.622E+00  7.999E+00  8.385E+00  8.774E+00  9.179E+00  9.623E+00  1.000E+01  1.043E+01  1.084E+01  1.123E+01  1.166E+01  1.203E+01  1.242E+01  1.283E+01  1.320E+01  1.359E+01  1.398E+01  1.434E+01  1.468E+01  1.503E+01  1.534E+01  1.564E+01  1.587E+01  1.613E+01  1.630E+01  1.648E+01  1.660E+01  1.670E+01  1.678E+01  1.675E+01  1.675E+01  1.670E+01  1.660E+01  1.645E+01  1.631E+01  1.606E+01  1.586E+01  1.556E+01  1.526E+01  1.494E+01  1.459E+01  1.422E+01  1.382E+01  1.340E+01  1.295E+01  1.250E+01  1.202E+01  1.152E+01  1.106E+01  1.054E+01  1.005E+01  9.553E+00  9.038E+00  8.522E+00  8.027E+00  7.544E+00  7.047E+00  6.579E+00  6.129E+00  5.692E+00  5.275E+00  4.853E+00  4.461E+00  4.082E+00  3.731E+00  3.401E+00  3.081E+00  2.783E+00  2.521E+00  2.272E+00  2.040E+00  1.825E+00  1.619E+00  1.449E+00  1.278E+00  1.136E+00  9.952E-01  8.782E-01  7.691E-01  6.755E-01  5.886E-01  5.115E-01  4.449E-01  3.859E-01  3.350E-01  2.884E-01  2.499E-01  2.171E-01  1.893E-01  1.643E-01  1.405E-01  1.224E-01  1.075E-01  9.276E-02  8.260E-02  7.281E-02  6.382E-02  5.678E-02  5.133E-02  4.523E-02  4.157E-02  3.741E-02  3.645E-02  3.388E-02  3.112E-02  3.026E-02  2.882E-02  2.809E-02  2.767E-02  2.651E-02  2.687E-02  2.627E-02  2.560E-02  2.550E-02  2.576E-02  2.486E-02  2.574E-02  2.455E-02  2.515E-02  2.567E-02  2.545E-02  2.520E-02  2.371E-02  2.370E-02  2.309E-02  2.339E-02  2.198E-02  2.216E-02  2.170E-02  2.089E-02  2.169E-02  2.096E-02  2.053E-02  1.931E-02  1.884E-02  1.908E-02  1.879E-02  1.849E-02  1.877E-02  1.927E-02  1.868E-02  1.774E-02  1.809E-02  1.808E-02  1.783E-02  1.764E-02  1.703E-02  1.750E-02  1.692E-02  1.757E-02  1.764E-02  1.715E-01  Z
 0.000E+00  0.000E+00  0.000E+00  0.000E+00  0.000E+00  0.000E+00  0.000E+00  0.000E+00  0.000E+00  0.000E+00  0.000E+00  0.000E+00  0.000E+00  0.000E+00  0.000E+00  1.247E-04  0.000E+00  1.167E-04  3.820E-05  3.690E-04  1.801E-04  3.523E-04  3.099E-04  5.053E-04  4.262E-04  7.468E-04  1.428E-03  1.779E-03  2.198E-03  2.133E-03  2.989E-03  3.579E-03  4.101E-03  4.916E-03  6.529E-03  7.926E-03  7.846E-03  9.898E-03  1.290E-02  1.377E-02  1.669E-02  2.077E-02  2.270E-02  2.696E-02  3.129E-02  3.561E-02  4.184E-02  4.758E-02  5.849E-02  6.725E-02  7.614E-02  8.997E-02  1.021E-01  1.179E-01  1.350E-01  1.563E-01  1.771E-01  2.022E-01  2.325E-01  2.649E-01  2.946E-01  3.356E-01  3.770E-01  4.226E-01  4.782E-01  5.327E-01  6.039E-01  6.697E-01  7.534E-01  8.274E-01  9.235E-01  1.027E+00  1.142E+00  1.258E+00  1.364E+00  1.502E+00  1.663E+00  1.812E+00  1.979E+00  2.157E+00  2.357E+00  2.549E+00  2.767E+00  2.978E+00  3.220E+00  3.476E+00  3.735E+00  3.997E+00  4.287E+00  4.581E+00  4.904E+00  5.200E+00  5.543E+00  5.882E+00  6.225E+00  6.582E+00  6.950E+00  7.315E+00  7.702E+00  8.092E+00  8.474E+00  8.904E+00  9.296E+00  9.683E+00  1.006E+01  1.047E+01  1.087E+01  1.129E+01  1.170E+01  1.211E+01  1.248E+01  1.292E+01  1.332E+01  1.368E+01  1.407E+01  1.443E+01  1.474E+01  1.510E+01  1.536E+01  1.565E+01  1.591E+01  1.613E+01  1.633E+01  1.653E+01  1.665E+01  1.679E+01  1.687E+01  1.695E+01  1.698E+01  1.698E+01  1.696E+01  1.688E+01  1.679E+01  1.665E+01  1.649E+01  1.624E+01  1.602E+01  1.571E+01  1.542E+01  1.509E+01  1.471E+01  1.434E+01  1.391E+01  1.349E+01  1.302E+01  1.256E+01  1.208E+01  1.156E+01  1.106E+01  1.057E+01  1.004E+01  9.531E+00  9.004E+00  8.508E+00  7.980E+00  7.500E+00  7.021E+00  6.550E+00  6.084E+00  5.632E+00  5.215E+00  4.791E+00  4.403E+00  4.041E+00  3.681E+00  3.352E+00  3.039E+00  2.755E+00  2.489E+00  2.232E+00  2.002E+00  1.786E+00  1.588E+00  1.406E+00  1.250E+00  1.108E+00  9.745E-01  8.563E-01  7.534E-01  6.635E-01  5.745E-01  4.949E-01  4.292E-01  3.794E-01  3.259E-01  2.820E-01  2.428E-01  2.125E-01  1.825E-01  1.598E-01  1.355E-01  1.183E-01  1.020E-01  9.034E-02  7.947E-02  7.055E-02  6.237E-02  5.441E-02  5.052E-02  4.367E-02  4.033E-02  3.749E-02  3.631E-02  3.294E-02  3.220E-02  3.084E-02  2.937E-02  2.897E-02  2.828E-02  2.616E-02  2.626E-02  2.669E-02  2.530E-02  2.406E-02  2.390E-02  2.444E-02  2.484E-02  2.423E-02  2.414E-02  2.385E-02  2.399E-02  2.312E-02  2.321E-02  2.197E-02  2.250E-02  2.144E-02  2.192E-02  2.028E-02  2.060E-02  1.984E-02  2.066E-02  1.985E-02  2.034E-02  1.966E-02  1.911E-02  1.925E-02  1.871E-02  1.805E-02  1.765E-02  1.819E-02  1.832E-02  1.798E-02  1.738E-02  1.738E-02  1.739E-02  1.673E-02  1.681E-02  1.735E-02  1.741E-01  Z
 0.000E+00  0.000E+00  0.000E+00  0.000E+00  0.000E+00  0.000E+00  0.000E+00  0.000E+00  0.000E+00  0.000E+00  5.019E-05  0.000E+00  9.322E-05  8.925E-05  8.669E-05  2.086E-04  1.211E-04  3.894E-04  4.192E-04  9.992E-04  1.296E-03  1.198E-03  1.170E-03  1.347E-03  1.518E-03  2.394E-03  3.049E-03  3.549E-03  3.486E-03  4.908E-03  4.766E-03  6.197E-03  6.656E-03  6.907E-03  8.090E-03  1.001E-02  1.248E-02  1.276E-02  1.591E-02  1.743E-02  2.128E-02  2.287E-02  2.645E-02  3.174E-02  3.715E-02  4.334E-02  5.060E-02  5.767E-02  6.658E-02  7.600E-02  8.508E-02  1.000E-01  1.143E-01  1.323E-01  1.492E-01  1.709E-01  1.939E-01  2.203E-01  2.487E-01  2.786E-01  3.158E-01  3.562E-01  4.046E-01  4.475E-01  4.971E-01  5.554E-01  6.245E-01  6.983E-01  7.792E-01  8.576E-01  9.431E-01  1.048E+00  1.149E+00  1.271E+00  1.390E+00  1.520E+00  1.673E+00  1.816E+00  1.981E+00  2.151E+00  2.343E+00  2.529E+00  2.729E+00  2.975E+00  3.194E+00  3.425E+00  3.676E+00  3.945E+00  4.206E+00  4.486E+00  4.793E+00  5.111E+00  5.422E+00  5.730E+00  6.095E+00  6.438E+00  6.777E+00  7.122E+00  7.502E+00  7.893E+00  8.289E+00  8.657E+00  9.025E+00  9.417E+00  9.832E+00  1.024E+01  1.063E+01  1.103E+01  1.145E+01  1.186E+01  1.230E+01  1.270E+01  1.312E+01  1.349E+01  1.390E+01  1.429E+01  1.459E+01  1.495E+01  1.530E+01  1.558E+01  1.588E+01  1.617E+01  1.641E+01  1.665E+01  1.684E+01  1.704E+01  1.718E+01  1.731E+01  1.746E+01  1.753E+01  1.758E+01  1.762E+01  1.763E+01  1.763E+01  1.755E+01  1.745E+01  1.734E+01  1.718E+01  1.699E+01  1.675E+01  1.651E+01  1.621E+01  1.593E+01  1.556E+01  1.518E+01  1.481E+01  1.434E+01  1.390E+01  1.344E+01  1.293E+01  1.244E+01  1.194E+01  1.142E+01  1.088E+01  1.033E+01  9.825E+00  9.297E+00  8.763E+00  8.254E+00  7.742E+00  7.237E+00  6.753E+00  6.263E+00  5.824E+00  5.365E+00  4.930E+00  4.543E+00  4.160E+00  3.792E+00  3.448E+00  3.133E+00  2.837E+00  2.565E+00  2.306E+00  2.064E+00  1.837E+00  1.642E+00  1.456E+00  1.298E+00  1.139E+00  1.006E+00  8.790E-01  7.744E-01  6.804E-01  5.872E-01  5.105E-01  4.502E-01  3.853E-01  3.354E-01  2.944E-01  2.508E-01  2.171E-01  1.886E-01  1.615E-01  1.425E-01  1.242E-01  1.065E-01  9.386E-02  8.422E-02  7.266E-02  6.439E-02  5.642E-02  4.965E-02  4.556E-02  4.204E-02  3.851E-02  3.672E-02  3.489E-02  3.222E-02  3.080E-02  2.894E-02  2.923E-02  2.843E-02  2.668E-02  2.793E-02  2.536E-02  2.517E-02  2.467E-02  2.437E-02  2.442E-02  2.450E-02  2.396E-02  2.324E-02  2.266E-02  2.267E-02  2.146E-02  2.220E-02  2.146E-02  2.169E-02  2.097E-02  2.036E-02  2.021E-02  1.998E-02  2.063E-02  2.011E-02  1.936E-02  1.944E-02  1.902E-02  1.805E-02  1.847E-02  1.765E-02  1.847E-02  1.767E-02  1.729E-02  1.749E-02  1.716E-02  1.824E-02  1.679E-02  1.741E-01  Z
 0.000E+00  0.000E+00  0.000E+00  0.000E+00  0.000E+00  0.000E+00  0.000E+00  0.000E+00  0.000E+00  0.000E+00  1.008E-04  2.898E-04  8.342E-04  7.547E-04  8.151E-04  8.321E-04  1.525E-03  1.292E-03  1.520E-03  1.739E-03  1.954E-03  2.290E-03  2.310E-03  3.177E-03  3.372E-03  3.208E-03  3.649E-03  3.986E-03  4.715E-03  5.208E-03  5.685E-03  7.341E-03  6.622E-03  8.123E-03  9.213E-03  1.147E-02  1.260E-02  1.448E-02  1.715E-02  1.841E-02  2.330E-02  2.501E-02  2.913E-02  3.437E-02  3.949E-02  4.395E-02  5.289E-02  6.066E-02  6.810E-02  7.491E-02  9.058E-02  1.015E-01  1.162E-01  1.320E-01  1.517E-01  1.751E-01  1.963E-01  2.191E-01  2.522E-01  2.806E-01  3.138E-01  3.572E-01  4.011E-01  4.513E-01  5.007E-01  5.590E-01  6.251E-01  6.883E-01  7.731E-01  8.526E-01  9.395E-01  1.035E+00  1.143E+00  1.248E+00  1.373E+00  1.509E+00  1.649E+00  1.805E+00  1.952E+00  2.134E+00  2.314E+00  2.506E+00  2.717E+00  2.911E+00  3.135E+00  3.390E+00  3.638E+00  3.893E+00  4.159E+00  4.431E+00  4.739E+00  5.034E+00  5.337E+00  5.673E+00  5.996E+00  6.355E+00  6.694E+00  7.053E+00  7.431E+00  7.820E+00  8.165E+00  8.595E+00  8.959E+00  9.398E+00  9.759E+00  1.017E+01  1.058E+01  1.099E+01  1.140E+01  1.185E+01  1.229E+01  1.272E+01  1.313E+01  1.354E+01  1.393E+01  1.434E+01  1.472E+01  1.507E+01  1.542E+01  1.576E+01  1.611E+01  1.643E+01  1.670E+01  1.696E+01  1.722E+01  1.746E+01  1.766E+01  1.790E+01  1.806E+01  1.821E+01  1.830E+01  1.846E+01  1.852E+01  1.856E+01  1.859E+01  1.858E+01  1.858E+01  1.851E+01  1.844E+01  1.832E+01  1.818E+01  1.799E+01  1.779E+01  1.755E+01  1.727E+01  1.695E+01  1.664E+01  1.624E+01  1.587E+01  1.546E+01  1.501E+01  1.455E+01  1.406E+01  1.354E+01  1.300E+01  1.249E+01  1.193E+01  1.141E+01  1.082E+01  1.027E+01  9.732E+00  9.179E+00  8.657E+00  8.112E+00  7.592E+00  7.071E+00  6.588E+00  6.110E+00  5.637E+00  5.209E+00  4.776E+00  4.395E+00  4.008E+00  3.642E+00  3.309E+00  3.001E+00  2.699E+00  2.436E+00  2.177E+00  1.945E+00  1.740E+00  1.554E+00  1.375E+00  1.214E+00  1.075E+00  9.374E-01  8.335E-01  7.200E-01  6.271E-01  5.469E-01  4.805E-01  4.128E-01  3.596E-01  3.147E-01  2.707E-01  2.369E-01  2.016E-01  1.761E-01  1.521E-01  1.335E-01  1.145E-01  9.816E-02  8.488E-02  7.649E-02  6.660E-02  5.982E-02  5.407E-02  4.877E-02  4.536E-02  4.036E-02  3.748E-02  3.610E-02  3.367E-02  3.145E-02  3.190E-02  2.879E-02  2.896E-02  2.701E-02  2.711E-02  2.615E-02  2.382E-02  2.427E-02  2.376E-02  2.362E-02  2.339E-02  2.332E-02  2.201E-02  2.196E-02  2.172E-02  2.137E-02  2.070E-02  2.049E-02  2.122E-02  2.007E-02  1.953E-02  2.000E-02  1.972E-02  1.959E-02  1.886E-02  1.903E-02  1.879E-02  1.825E-02  1.805E-02  1.792E-02  1.819E-02  1.781E-02  1.741E-02  1.728E-02  1.750E-01  Z
 0.000E+00  0.000E+00  0.000E+00  0.000E+00  0.000E+00  6.932E-05  3.833E-04  7.155E-04  1.011E-03  1.273E-03  1.311E-03  1.542E-03  1.665E-03  1.468E-03  2.020E-03  1.952E-03  1.934E-03  2.618E-03  2.397E-03  2.479E-03  2.348E-03  3.136E-03  3.619E-03  3.235E-03  3.929E-03  3.630E-03  4.094E-03  4.803E-03  6.162E-03  5.984E-03  6.832E-03  8.347E-03  8.613E-03  1.019E-02  1.036E-02  1.317E-02  1.309E-02  1.579E-02  1.731E-02  1.998E-02  2.319E-02  2.730E-02  3.133E-02  3.681E-02  3.886E-02  4.470E-02  5.175E-02  5.962E-02  6.823E-02  7.966E-02  9.246E-02  1.012E-01  1.171E-01  1.315E-01  1.531E-01  1.715E-01  1.922E-01  2.216E-01  2.470E-01  2.777E-01  3.117E-01  3.470E-01  3.871E-01  4.458E-01  4.885E-01  5.492E-01  6.159E-01  6.820E-01  7.563E-01  8.413E-01  9.241E-01  1.013E+00  1.124E+00  1.240E+00  1.364E+00  1.488E+00  1.623E+00  1.771E+00  1.920E+00  2.092E+00  2.278E+00  2.454E+00  2.670E+00  2.873E+00  3.111E+00  3.337E+00  3.588E+00  3.851E+00  4.105E+00  4.390E+00  4.671E+00  4.978E+00  5.285E+00  5.625E+00  5.958E+00  6.312E+00  6.660E+00  7.030E+00  7.410E+00  7.767E+00  8.152E+00  8.545E+00  8.950E+00  9.353E+00  9.763E+00  1.019E+01  1.059E+01  1.103E+01  1.148E+01  1.190E+01  1.235E+01  1.280E+01  1.326E+01  1.369E+01  1.414E+01  1.452E+01  1.494E+01  1.540E+01  1.577E+01  1.615E+01  1.649E+01  1.687E+01  1.720E+01  1.749E+01  1.780E+01  1.807E+01  1.838E+01  1.863E+01  1.884E+01  1.907E+01  1.924E+01  1.941E+01  1.956E+01  1.969E+01  1.980E+01  1.987E+01  1.988E+01  1.995E+01  1.994E+01  1.990E+01  1.984E+01  1.978E+01  1.968E+01  1.955E+01  1.938E+01  1.917E+01  1.897E+01  1.866E+01  1.840E+01  1.808E+01  1.773E+01  1.735E+01  1.694E+01  1.649E+01  1.603E+01  1.557E+01  1.505E+01  1.453E+01  1.396E+01  1.345E+01  1.289E+01  1.229E+01  1.172E+01  1.112E+01  1.055E+01  9.972E+00  9.416E+00  8.860E+00  8.302E+00  7.760E+00  7.232E+00  6.725E+00  6.239E+00  5.744E+00  5.300E+00  4.856E+00  4.445E+00  4.050E+00  3.691E+00  3.347E+00  3.026E+00  2.744E+00  2.451E+00  2.200E+00  1.965E+00  1.748E+00  1.555E+00  1.374E+00  1.214E+00  1.071E+00  9.381E-01  8.288E-01  7.256E-01  6.350E-01  5.485E-01  4.767E-01  4.182E-01  3.642E-01  3.137E-01  2.714E-01  2.327E-01  2.023E-01  1.725E-01  1.500E-01  1.306E-01  1.134E-01  9.901E-02  8.661E-02  7.831E-02  6.764E-02  6.006E-02  5.456E-02  5.072E-02  4.430E-02  4.318E-02  3.687E-02  3.523E-02  3.339E-02  3.178E-02  2.920E-02  2.820E-02  2.798E-02  2.655E-02  2.507E-02  2.382E-02  2.298E-02  2.319E-02  2.340E-02  2.293E-02  2.200E-02  2.171E-02  2.044E-02  2.039E-02  2.035E-02  2.013E-02  2.000E-02  1.960E-02  1.974E-02  1.928E-02  1.922E-02  1.916E-02  1.818E-02  1.816E-02  1.878E-02  1.879E-02  1.782E-02  1.788E-02  1.765E-02  1.777E-01  Z
 0.000E+00  0.000E+00  0.000E+00  0.000E+00  6.927E-04  8.360E-04  1.219E-03  1.673E-03  7.855E-04  1.644E-03  2.319E-03  2.219E-03  2.038E-03  2.182E-03  2.364E-03  2.989E-03  2.617E-03  3.123E-03  2.698E-03  4.068E-03  3.104E-03  3.773E-03  3.553E-03  4.346E-03  4.591E-03  5.509E-03  5.562E-03  6.234E-03  6.521E-03  6.644E-03  9.074E-03  8.376E-03  8.912E-03  1.006E-02  1.213E-02  1.277E-02  1.330E-02  1.596E-02  1.888E-02  2.013E-02  2.506E-02  2.786E-02  3.136E-02  3.453E-02  3.968E-02  4.635E-02  5.169E-02  5.982E-02  6.748E-02  7.951E-02  8.771E-02  1.009E-01  1.125E-01  1.305E-01  1.489E-01  1.706E-01  1.915E-01  2.161E-01  2.432E-01  2.742E-01  3.099E-01  3.471E-01  3.866E-01  4.265E-01  4.806E-01  5.384E-01  5.974E-01  6.701E-01  7.476E-01  8.233E-01  9.060E-01  9.995E-01  1.096E+00  1.210E+00  1.342E+00  1.459E+00  1.595E+00  1.743E+00  1.893E+00  2.066E+00  2.245E+00  2.431E+00  2.638E+00  2.843E+00  3.061E+00  3.295E+00  3.539E+00  3.789E+00  4.083E+00  4.327E+00  4.639E+00  4.958E+00  5.267E+00  5.588E+00  5.926E+00  6.255E+00  6.623E+00  6.996E+00  7.385E+00  7.756E+00  8.156E+00  8.558E+00  8.973E+00  9.354E+00  9.763E+00  1.019E+01  1.062E+01  1.107E+01  1.154E+01  1.202E+01  1.246E+01  1.291E+01  1.337E+01  1.380E+01  1.424E+01  1.472E+01  1.514E+01  1.557E+01  1.598E+01  1.635E+01  1.677E+01  1.713E+01  1.752E+01  1.785E+01  1.817E+01  1.851E+01  1.883E+01  1.910E+01  1.938E+01  1.960E+01  1.986E+01  2.005E+01  2.025E+01  2.042E+01  2.055E+01  2.067E+01  2.077E+01  2.084E+01  2.090E+01  2.091E+01  2.095E+01  2.088E+01  2.086E+01  2.076E+01  2.065E+01  2.056E+01  2.037E+01  2.021E+01  1.997E+01  1.974E+01  1.943E+01  1.910E+01  1.880E+01  1.844E+01  1.806E+01  1.763E+01  1.716E+01  1.670E+01  1.617E+01  1.566E+01  1.514E+01  1.460E+01  1.399E+01  1.342E+01  1.280E+01  1.222E+01  1.163E+01  1.104E+01  1.044E+01  9.847E+00  9.268E+00  8.702E+00  8.121E+00  7.585E+00  7.045E+00  6.551E+00  6.046E+00  5.566E+00  5.127E+00  4.700E+00  4.292E+00  3.905E+00  3.548E+00  3.223E+00  2.901E+00  2.606E+00  2.340E+00  2.084E+00  1.867E+00  1.659E+00  1.475E+00  1.301E+00  1.156E+00  1.014E+00  8.851E-01  7.786E-01  6.765E-01  5.894E-01  5.132E-01  4.479E-01  3.904E-01  3.346E-01  2.904E-01  2.498E-01  2.137E-01  1.843E-01  1.602E-01  1.394E-01  1.228E-01  1.077E-01  9.295E-02  8.194E-02  7.282E-02  6.407E-02  5.639E-02  5.243E-02  4.712E-02  4.240E-02  3.945E-02  3.608E-02  3.392E-02  3.165E-02  3.067E-02  2.872E-02  2.772E-02  2.635E-02  2.596E-02  2.457E-02  2.346E-02  2.257E-02  2.227E-02  2.144E-02  2.191E-02  2.044E-02  2.137E-02  2.031E-02  2.005E-02  1.946E-02  1.926E-02  1.866E-02  1.799E-02  1.877E-02  1.900E-02  1.818E-02  1.812E-02  1.800E-02  1.776E-02  1.740E-02  1.801E-01  Z
 0.000E+00  0.000E+00  2.065E-04  6.121E-04  1.387E-03  1.463E-03  1.731E-03  1.911E-03  2.076E-03  1.960E-03  2.217E-03  3.133E-03  3.006E-03  3.518E-03  3.095E-03  3.699E-03  3.782E-03  3.595E-03  3.497E-03  5.074E-03  4.437E-03  4.801E-03  5.481E-03  5.704E-03  5.444E-03  4.529E-03  5.875E-03  7.201E-03  7.019E-03  7.257E-03  8.604E-03  1.035E-02  9.142E-03  1.051E-02  1.055E-02  1.283E-02  1.502E-02  1.768E-02  1.937E-02  2.163E-02  2.377E-02  2.831E-02  2.986E-02  3.510E-02  3.949E-02  4.370E-02  5.042E-02  5.916E-02  6.857E-02  7.565E-02  8.822E-02  9.966E-02  1.113E-01  1.294E-01  1.461E-01  1.646E-01  1.868E-01  2.054E-01  2.399E-01  2.675E-01  2.993E-01  3.371E-01  3.771E-01  4.209E-01  4.660E-01  5.246E-01  5.876E-01  6.493E-01  7.206E-01  8.083E-01  8.804E-01  9.792E-01  1.081E+00  1.191E+00  1.296E+00  1.434E+00  1.567E+00  1.710E+00  1.865E+00  2.035E+00  2.196E+00  2.387E+00  2.592E+00  2.812E+00  3.027E+00  3.248E+00  3.487E+00  3.752E+00  4.003E+00  4.313E+00  4.590E+00  4.872E+00  5.212E+00  5.562E+00  5.877E+00  6.254E+00  6.588E+00  6.956E+00  7.345E+00  7.727E+00  8.146E+00  8.538E+00  8.963E+00  9.370E+00  9.841E+00  1.025E+01  1.069E+01  1.116E+01  1.165E+01  1.210E+01  1.256E+01  1.306E+01  1.353E+01  1.401E+01  1.448E+01  1.494E+01  1.544E+01  1.586E+01  1.631E+01  1.674E+01  1.718E+01  1.758E+01  1.800E+01  1.838E+01  1.876E+01  1.915E+01  1.947E+01  1.980E+01  2.013E+01  2.046E+01  2.072E+01  2.095E+01  2.125E+01  2.146E+01  2.166E+01  2.182E+01  2.199E+01  2.211E+01  2.229E+01  2.237E+01  2.243E+01  2.246E+01  2.248E+01  2.245E+01  2.246E+01  2.241E+01  2.231E+01  2.217E+01  2.203E+01  2.190E+01  2.170E+01  2.147E+01  2.124E+01  2.100E+01  2.067E+01  2.036E+01  1.997E+01  1.962E+01  1.918E+01  1.874E+01  1.827E+01  1.779E+01  1.725E+01  1.672E+01  1.617E+01  1.557E+01  1.499E+01  1.437E+01  1.377E+01  1.312E+01  1.253E+01  1.190E+01  1.127E+01  1.064E+01  1.005E+01  9.430E+00  8.844E+00  8.260E+00  7.694E+00  7.131E+00  6.612E+00  6.108E+00  5.620E+00  5.170E+00  4.726E+00  4.310E+00  3.924E+00  3.548E+00  3.212E+00  2.900E+00  2.603E+00  2.326E+00  2.084E+00  1.866E+00  1.644E+00  1.465E+00  1.284E+00  1.136E+00  1.003E+00  8.754E-01  7.685E-01  6.663E-01  5.799E-01  5.058E-01  4.325E-01  3.769E-01  3.242E-01  2.826E-01  2.416E-01  2.106E-01  1.845E-01  1.585E-01  1.386E-01  1.190E-01  1.039E-01  9.212E-02  8.119E-02  7.128E-02  6.464E-02  5.699E-02  5.025E-02  4.605E-02  4.168E-02  3.792E-02  3.485E-02  3.349E-02  2.972E-02  2.905E-02  2.778E-02  2.600E-02  2.459E-02  2.390E-02  2.301E-02  2.172E-02  2.079E-02  2.177E-02  2.090E-02  2.052E-02  2.010E-02  1.938E-02  2.013E-02  1.973E-02  1.847E-02  1.860E-02  1.787E-02  1.891E-02  1.785E-02  1.762E-02  1.791E-01  Z
 0.000E+00  5.359E-04  1.347E-03  2.097E-03  2.081E-03  2.581E-03  1.667E-03  3.041E-03  1.848E-03  3.131E-03  2.876E-03  3.375E-03  2.679E-03  3.829E-03  3.740E-03  4.192E-03  4.032E-03  4.066E-03  4.143E-03  5.263E-03  5.380E-03  4.582E-03  5.199E-03  6.178E-03  5.644E-03  6.533E-03  6.442E-03  7.012E-03  7.743E-03  8.818E-03  9.325E-03  1.026E-02  1.064E-02  1.248E-02  1.403E-02  1.338E-02  1.472E-02  1.794E-02  2.007E-02  2.264E-02  2.510E-02  2.707E-02  3.088E-02  3.355E-02  4.006E-02  4.384E-02  4.965E-02  5.821E-02  6.391E-02  7.401E-02  8.529E-02  9.977E-02  1.106E-01  1.244E-01  1.425E-01  1.591E-01  1.800E-01  2.063E-01  2.359E-01  2.629E-01  2.938E-01  3.306E-01  3.716E-01  4.175E-01  4.654E-01  5.146E-01  5.775E-01  6.406E-01  7.123E-01  7.830E-01  8.691E-01  9.631E-01  1.065E+00  1.172E+00  1.280E+00  1.410E+00  1.547E+00  1.669E+00  1.830E+00  2.005E+00  2.184E+00  2.359E+00  2.562E+00  2.760E+00  2.993E+00  3.215E+00  3.449E+00  3.718E+00  3.976E+00  4.253E+00  4.552E+00  4.849E+00  5.165E+00  5.507E+00  5.860E+00  6.201E+00  6.569E+00  6.939E+00  7.317E+00  7.721E+00  8.113E+00  8.552E+00  8.934E+00  9.388E+00  9.825E+00  1.027E+01  1.072E+01  1.119E+01  1.166E+01  1.217E+01  1.265E+01  1.314E+01  1.364E+01  1.412E+01  1.462E+01  1.509E+01  1.562E+01  1.603E+01  1.654E+01  1.699E+01  1.744E+01  1.788E+01  1.832E+01  1.873E+01  1.914E+01  1.952E+01  1.990E+01  2.031E+01  2.065E+01  2.099E+01  2.128E+01  2.161E+01  2.190E+01  2.219E+01  2.240E+01  2.264E+01  2.283E+01  2.302E+01  2.316E+01  2.334E+01  2.342E+01  2.356E+01  2.358E+01  2.362E+01  2.369E+01  2.367E+01  2.359E+01  2.358E+01  2.347E+01  2.336E+01  2.322E+01  2.307E+01  2.285E+01  2.266E+01  2.242E+01  2.213E+01  2.184E+01  2.153E+01  2.118E+01  2.082E+01  2.044E+01  1.995E+01  1.950E+01  1.903E+01  1.852E+01  1.798E+01  1.739E+01  1.682E+01  1.623E+01  1.562E+01  1.503E+01  1.436E+01  1.371E+01  1.306E+01  1.243E+01  1.178E+01  1.114E+01  1.050E+01  9.852E+00  9.263E+00  8.653E+00  8.080E+00  7.503E+00  6.969E+00  6.423E+00  5.921E+00  5.451E+00  4.969E+00  4.531E+00  4.130E+00  3.761E+00  3.395E+00  3.057E+00  2.749E+00  2.474E+00  2.207E+00  1.964E+00  1.744E+00  1.552E+00  1.372E+00  1.204E+00  1.063E+00  9.220E-01  8.135E-01  7.096E-01  6.111E-01  5.349E-01  4.628E-01  4.026E-01  3.452E-01  3.002E-01  2.580E-01  2.252E-01  1.938E-01  1.694E-01  1.467E-01  1.289E-01  1.121E-01  9.800E-02  8.557E-02  7.534E-02  6.596E-02  5.908E-02  5.404E-02  4.776E-02  4.369E-02  3.891E-02  3.553E-02  3.246E-02  3.015E-02  2.819E-02  2.726E-02  2.569E-02  2.343E-02  2.391E-02  2.235E-02  2.230E-02  2.165E-02  2.054E-02  1.975E-02  2.010E-02  1.932E-02  1.973E-02  1.999E-02  1.738E-02  1.791E-02  1.908E-02  1.831E-02  1.793E-01  Z
 0.000E+00  1.609E-03  1.759E-03  1.837E-03  2.312E-03  2.855E-03  2.824E-03  3.288E-03  3.363E-03  3.872E-03  3.483E-03  4.149E-03  4.534E-03  4.629E-03  4.506E-03  5.189E-03  4.989E-03  5.156E-03  5.249E-03  5.511E-03  5.127E-03  6.024E-03  6.447E-03  6.374E-03  6.838E-03  8.325E-03  8.197E-03  7.885E-03  8.511E-03  8.638E-03  9.206E-03  1.077E-02  1.199E-02  1.302E-02  1.339E-02  1.500E-02  1.544E-02  1.763E-02  2.055E-02  2.228E-02  2.564E-02  2.754E-02  3.296E-02  3.483E-02  3.920E-02  4.465E-02  5.096E-02  5.583E-02  6.437E-02  7.429E-02  8.562E-02  9.390E-02  1.063E-01  1.221E-01  1.366E-01  1.563E-01  1.782E-01  1.981E-01  2.232E-01  2.542E-01  2.807E-01  3.211E-01  3.577E-01  4.086E-01  4.497E-01  5.050E-01  5.603E-01  6.204E-01  6.895E-01  7.683E-01  8.520E-01  9.448E-01  1.029E+00  1.136E+00  1.255E+00  1.379E+00  1.520E+00  1.648E+00  1.798E+00  1.969E+00  2.131E+00  2.303E+00  2.510E+00  2.731E+00  2.954E+00  3.165E+00  3.425E+00  3.657E+00  3.920E+00  4.220E+00  4.516E+00  4.813E+00  5.120E+00  5.464E+00  5.805E+00  6.183E+00  6.521E+00  6.899E+00  7.286E+00  7.703E+00  8.096E+00  8.533E+00  8.940E+00  9.391E+00  9.833E+00  1.029E+01  1.075E+01  1.125E+01  1.174E+01  1.223E+01  1.274E+01  1.325E+01  1.376E+01  1.427E+01  1.477E+01  1.533E+01  1.581E+01  1.633E+01  1.681E+01  1.731E+01  1.776E+01  1.827E+01  1.873E+01  1.920E+01  1.964E+01  2.010E+01  2.050E+01  2.088E+01  2.131E+01  2.171E+01  2.211E+01  2.242E+01  2.277E+01  2.312E+01  2.337E+01  2.365E+01  2.396E+01  2.420E+01  2.444E+01  2.467E+01  2.483E+01  2.499E+01  2.511E+01  2.523E+01  2.533E+01  2.538E+01  2.540E+01  2.544E+01  2.538E+01  2.541E+01  2.530E+01  2.522E+01  2.512E+01  2.497E+01  2.480E+01  2.460E+01  2.440E+01  2.416E+01  2.389E+01  2.358E+01  2.328E+01  2.292E+01  2.254E+01  2.216E+01  2.171E+01  2.128E+01  2.080E+01  2.024E+01  1.976E+01  1.920E+01  1.859E+01  1.800E+01  1.737E+01  1.675E+01  1.609E+01  1.543E+01  1.476E+01  1.409E+01  1.338E+01  1.268E+01  1.205E+01  1.137E+01  1.071E+01  1.008E+01  9.388E+00  8.789E+00  8.172E+00  7.587E+00  7.033E+00  6.495E+00  5.961E+00  5.463E+00  4.999E+00  4.550E+00  4.145E+00  3.739E+00  3.389E+00  3.048E+00  2.729E+00  2.452E+00  2.188E+00  1.945E+00  1.709E+00  1.520E+00  1.338E+00  1.181E+00  1.032E+00  8.977E-01  7.930E-01  6.853E-01  5.954E-01  5.233E-01  4.538E-01  3.911E-01  3.364E-01  2.900E-01  2.548E-01  2.149E-01  1.872E-01  1.645E-01  1.407E-01  1.249E-01  1.048E-01  9.247E-02  8.162E-02  7.155E-02  6.217E-02  5.705E-02  5.035E-02  4.388E-02  4.176E-02  3.854E-02  3.501E-02  3.103E-02  2.999E-02  2.811E-02  2.486E-02  2.448E-02  2.379E-02  2.270E-02  2.162E-02  2.203E-02  1.994E-02  1.962E-02  1.999E-02  1.984E-02  1.908E-02  1.802E-02  1.811E-01  Z
 1.224E-03  2.281E-03  2.383E-03  3.060E-03  3.472E-03  3.343E-03  3.786E-03  4.116E-03  3.811E-03  5.197E-03  3.481E-03  4.095E-03  5.043E-03  5.962E-03  6.054E-03  4.859E-03  6.240E-03  6.365E-03  6.158E-03  6.406E-03  6.675E-03  7.828E-03  8.407E-03  8.468E-03  8.064E-03  8.417E-03  9.114E-03  9.383E-03  1.038E-02  1.023E-02  1.033E-02  1.224E-02  1.204E-02  1.384E-02  1.460E-02  1.614E-02  1.904E-02  1.927E-02  2.135E-02  2.321E-02  2.567E-02  2.736E-02  3.103E-02  3.474E-02  3.919E-02  4.364E-02  4.963E-02  5.698E-02  6.325E-02  7.219E-02  7.833E-02  9.128E-02  1.053E-01  1.183E-01  1.361E-01  1.502E-01  1.689E-01  1.935E-01  2.197E-01  2.411E-01  2.745E-01  3.090E-01  3.462E-01  3.922E-01  4.336E-01  4.911E-01  5.427E-01  6.087E-01  6.774E-01  7.521E-01  8.274E-01  9.200E-01  1.008E+00  1.120E+00  1.230E+00  1.350E+00  1.472E+00  1.611E+00  1.759E+00  1.909E+00  2.097E+00  2.270E+00  2.467E+00  2.669E+00  2.892E+00  3.110E+00  3.343E+00  3.598E+00  3.857E+00  4.149E+00  4.447E+00  4.740E+00  5.055E+00  5.414E+00  5.741E+00  6.103E+00  6.447E+00  6.846E+00  7.230E+00  7.655E+00  8.066E+00  8.503E+00  8.937E+00  9.386E+00  9.839E+00  1.031E+01  1.081E+01  1.128E+01  1.179E+01  1.230E+01  1.282E+01  1.336E+01  1.389E+01  1.445E+01  1.500E+01  1.551E+01  1.606E+01  1.660E+01  1.713E+01  1.768E+01  1.821E+01  1.870E+01  1.921E+01  1.971E+01  2.023E+01  2.071E+01  2.119E+01  2.162E+01  2.211E+01  2.257E+01  2.300E+01  2.341E+01  2.381E+01  2.424E+01  2.462E+01  2.497E+01  2.527E+01  2.564E+01  2.595E+01  2.622E+01  2.647E+01  2.675E+01  2.694E+01  2.711E+01  2.733E+01  2.746E+01  2.762E+01  2.771E+01  2.781E+01  2.786E+01  2.791E+01  2.791E+01  2.788E+01  2.784E+01  2.773E+01  2.767E+01  2.756E+01  2.739E+01  2.724E+01  2.698E+01  2.679E+01  2.656E+01  2.628E+01  2.593E+01  2.562E+01  2.528E+01  2.488E+01  2.447E+01  2.404E+01  2.358E+01  2.314E+01  2.260E+01  2.206E+01  2.149E+01  2.091E+01  2.029E+01  1.963E+01  1.901E+01  1.832E+01  1.764E+01  1.692E+01  1.624E+01  1.549E+01  1.477E+01  1.405E+01  1.329E+01  1.259E+01  1.186E+01  1.117E+01  1.049E+01  9.776E+00  9.129E+00  8.480E+00  7.867E+00  7.284E+00  6.700E+00  6.156E+00  5.635E+00  5.139E+00  4.698E+00  4.251E+00  3.841E+00  3.462E+00  3.108E+00  2.787E+00  2.487E+00  2.219E+00  1.973E+00  1.742E+00  1.542E+00  1.356E+00  1.192E+00  1.040E+00  9.141E-01  7.939E-01  6.936E-01  6.016E-01  5.161E-01  4.517E-01  3.846E-01  3.394E-01  2.912E-01  2.496E-01  2.162E-01  1.869E-01  1.588E-01  1.387E-01  1.193E-01  1.037E-01  9.100E-02  7.945E-02  6.957E-02  6.271E-02  5.429E-02  4.857E-02  4.296E-02  4.064E-02  3.634E-02  3.239E-02  3.073E-02  2.812E-02  2.685E-02  2.551E-02  2.328E-02  2.281E-02  2.115E-02  2.116E-02  2.040E-02  1.900E-01  Z
 e+
 Z
 Z
 Z
 Z
 Z
 Z
 Z
 Z
 Z
 Z
 Z
 Z
 Z
 Z
 Z
 Z
 Z
 Z
 Z
 Z
 Z
 Z
 Z
 Z
 Z
 0.000E+00  0.000E+00  0.000E+00  0.000E+00  0.000E+00  0.000E+00  0.000E+00  0.000E+00  0.000E+00  0.000E+00  0.000E+00  0.000E+00  0.000E+00  0.000E+00  0.000E+00  0.000E+00  0.000E+00  0.000E+00  0.000E+00  0.000E+00  0.000E+00  0.000E+00  0.000E+00  0.000E+00  0.000E+00  4.005E-04  7.294E-03  1.771E-02  2.839E-02  3.753E-02  4.885E-02  6.178E-02  7.069E-02  8.142E-02  9.140E-02  1.030E-01  1.085E-01  1.112E-01  1.122E-01  1.112E-01  1.110E-01  1.124E-01  1.103E-01  1.109E-01  1.107E-01  1.112E-01  1.141E-01  1.131E-01  1.142E-01  1.156E-01  1.198E-01  1.205E-01  1.244E-01  1.294E-01  1.332E-01  1.387E-01  1.414E-01  1.474E-01  1.552E-01  1.607E-01  1.651E-01  1.732E-01  1.784E-01  1.857E-01  1.923E-01  1.990E-01  2.081E-01  2.188E-01  2.303E-01  2.422E-01  2.630E-01  2.834E-01  3.033E-01  3.282E-01  3.554E-01  3.887E-01  4.170E-01  4.581E-01  4.993E-01  5.415E-01  5.927E-01  6.416E-01  6.993E-01  7.614E-01  8.300E-01  8.996E-01  9.734E-01  1.058E+00  1.150E+00  1.240E+00  1.343E+00  1.448E+00  1.552E+00  1.669E+00  1.789E+00  1.916E+00  2.053E+00  2.187E+00  2.327E+00  2.481E+00  2.617E+00  2.784E+00  2.936E+00  3.099E+00  3.259E+00  3.418E+00  3.591E+00  3.769E+00  3.938E+00  4.097E+00  4.282E+00  4.446E+00  4.629E+00  4.801E+00  4.978E+00  5.149E+00  5.306E+00  5.487E+00  5.631E+00  5.790E+00  5.944E+00  6.081E+00  6.197E+00  6.340E+00  6.450E+00  6.565E+00  6.648E+00  6.743E+00  6.825E+00  6.883E+00  6.938E+00  6.980E+00  7.015E+00  7.022E+00  7.015E+00  6.997E+00  6.972E+00  6.932E+00  6.871E+00  6.781E+00  6.703E+00  6.584E+00  6.475E+00  6.344E+00  6.198E+00  6.040E+00  5.862E+00  5.710E+00  5.507E+00  5.327E+00  5.116E+00  4.919E+00  4.725E+00  4.504E+00  4.295E+00  4.092E+00  3.873E+00  3.663E+00  3.463E+00  3.260E+00  3.061E+00  2.863E+00  2.689E+00  2.512E+00  2.338E+00  2.175E+00  2.022E+00  1.866E+00  1.724E+00  1.601E+00  1.470E+00  1.360E+00  1.248E+00  1.160E+00  1.075E+00  9.920E-01  9.140E-01  8.524E-01  7.934E-01  7.377E-01  6.906E-01  6.465E-01  6.120E-01  5.767E-01  5.503E-01  5.273E-01  5.068E-01  4.899E-01  4.781E-01  4.627E-01  4.564E-01  4.488E-01  4.421E-01  4.370E-01  4.279E-01  4.258E-01  4.206E-01  4.111E-01  4.067E-01  4.032E-01  3.936E-01  3.875E-01  3.759E-01  3.667E-01  3.551E-01  3.455E-01  3.294E-01  3.168E-01  3.032E-01  2.845E-01  2.701E-01  2.536E-01  2.379E-01  2.217E-01  2.060E-01  1.912E-01  1.743E-01  1.620E-01  1.476E-01  1.340E-01  1.216E-01  1.100E-01  9.871E-02  8.912E-02  7.914E-02  7.034E-02  6.429E-02  5.710E-02  5.068E-02  4.455E-02  4.003E-02  3.573E-02  3.097E-02  2.709E-02  2.409E-02  2.114E-02  1.881E-02  1.632E-02  1.395E-02  1.250E-02  1.098E-02  9.340E-03  8.313E-03  7.156E-03  6.225E-03  5.511E-03  4.477E-03  4.216E-03  1.693E-02  Z
 0.000E+00  0.000E+00  0.000E+00  0.000E+00  0.000E+00  0.000E+00  0.000E+00  0.000E+00  0.000E+00  0.000E+00  0.000E+00  0.000E+00  0.000E+00  0.000E+00  0.000E+00  0.000E+00  0.000E+00  9.318E-04  3.816E-03  7.365E-03  1.164E-02  1.530E-02  2.059E-02  2.550E-02  2.817E-02  3.207E-02  3.788E-02  4.205E-02  4.505E-02  4.868E-02  5.469E-02  5.722E-02  6.063E-02  6.416E-02  7.013E-02  7.165E-02  7.398E-02  7.932E-02  8.163E-02  8.520E-02  8.762E-02  9.044E-02  9.674E-02  9.808E-02  1.031E-01  1.037E-01  1.105E-01  1.161E-01  1.193E-01  1.221E-01  1.260E-01  1.274E-01  1.321E-01  1.329E-01  1.366E-01  1.392E-01  1.453E-01  1.504E-01  1.571E-01  1.602E-01  1.635E-01  1.729E-01  1.781E-01  1.866E-01  1.974E-01  2.067E-01  2.160E-01  2.291E-01  2.441E-01  2.609E-01  2.809E-01  2.988E-01  3.202E-01  3.447E-01  3.708E-01  4.024E-01  4.354E-01  4.741E-01  5.129E-01  5.532E-01  6.033E-01  6.575E-01  7.083E-01  7.768E-01  8.372E-01  9.097E-01  9.771E-01  1.059E+00  1.144E+00  1.233E+00  1.324E+00  1.429E+00  1.532E+00  1.644E+00  1.764E+00  1.882E+00  2.006E+00  2.136E+00  2.270E+00  2.417E+00  2.556E+00  2.709E+00  2.856E+00  3.003E+00  3.164E+00  3.334E+00  3.498E+00  3.648E+00  3.828E+00  3.994E+00  4.176E+00  4.338E+00  4.496E+00  4.674E+00  4.841E+00  5.009E+00  5.176E+00  5.341E+00  5.497E+00  5.665E+00  5.800E+00  5.931E+00  6.083E+00  6.214E+00  6.340E+00  6.452E+00  6.560E+00  6.663E+00  6.757E+00  6.817E+00  6.897E+00  6.958E+00  6.992E+00  7.033E+00  7.045E+00  7.061E+00  7.037E+00  7.011E+00  6.976E+00  6.909E+00  6.845E+00  6.751E+00  6.653E+00  6.546E+00  6.420E+00  6.283E+00  6.124E+00  5.977E+00  5.804E+00  5.623E+00  5.432E+00  5.230E+00  5.031E+00  4.835E+00  4.620E+00  4.417E+00  4.200E+00  3.995E+00  3.785E+00  3.566E+00  3.363E+00  3.176E+00  2.978E+00  2.787E+00  2.609E+00  2.430E+00  2.264E+00  2.104E+00  1.962E+00  1.812E+00  1.676E+00  1.550E+00  1.430E+00  1.320E+00  1.220E+00  1.128E+00  1.044E+00  9.688E-01  8.990E-01  8.331E-01  7.804E-01  7.278E-01  6.807E-01  6.408E-01  6.077E-01  5.790E-01  5.534E-01  5.290E-01  5.135E-01  4.968E-01  4.871E-01  4.723E-01  4.637E-01  4.554E-01  4.464E-01  4.406E-01  4.338E-01  4.300E-01  4.233E-01  4.148E-01  4.061E-01  4.008E-01  3.895E-01  3.804E-01  3.727E-01  3.587E-01  3.462E-01  3.333E-01  3.182E-01  3.056E-01  2.888E-01  2.736E-01  2.569E-01  2.409E-01  2.244E-01  2.113E-01  1.936E-01  1.788E-01  1.632E-01  1.491E-01  1.380E-01  1.245E-01  1.134E-01  1.012E-01  9.119E-02  8.258E-02  7.456E-02  6.593E-02  5.845E-02  5.234E-02  4.658E-02  4.042E-02  3.606E-02  3.186E-02  2.904E-02  2.483E-02  2.147E-02  1.934E-02  1.626E-02  1.491E-02  1.275E-02  1.146E-02  9.748E-03  8.791E-03  7.419E-03  6.312E-03  5.410E-03  4.879E-03  1.984E-02  Z
 0.000E+00  0.000E+00  0.000E+00  0.000E+00  0.000E+00  0.000E+00  0.000E+00  0.000E+00  0.000E+00  0.000E+00  0.000E+00  3.365E-04  1.522E-03  4.381E-03  6.311E-03  9.317E-03  1.111E-02  1.434E-02  1.795E-02  2.142E-02  2.435E-02  2.729E-02  2.893E-02  3.316E-02  3.545E-02  3.901E-02  4.085E-02  4.601E-02  4.678E-02  4.908E-02  5.307E-02  5.536E-02  5.794E-02  6.055E-02  6.367E-02  6.621E-02  6.761E-02  7.058E-02  7.474E-02  7.749E-02  7.740E-02  8.280E-02  8.597E-02  8.876E-02  9.445E-02  9.429E-02  9.727E-02  1.031E-01  1.075E-01  1.114E-01  1.138E-01  1.183E-01  1.210E-01  1.293E-01  1.329E-01  1.402E-01  1.421E-01  1.494E-01  1.520E-01  1.626E-01  1.658E-01  1.734E-01  1.846E-01  1.922E-01  2.005E-01  2.120E-01  2.249E-01  2.345E-01  2.532E-01  2.712E-01  2.906E-01  3.111E-01  3.344E-01  3.586E-01  3.842E-01  4.180E-01  4.476E-01  4.882E-01  5.255E-01  5.655E-01  6.140E-01  6.671E-01  7.232E-01  7.843E-01  8.454E-01  9.118E-01  9.848E-01  1.057E+00  1.137E+00  1.220E+00  1.308E+00  1.407E+00  1.502E+00  1.612E+00  1.721E+00  1.839E+00  1.959E+00  2.079E+00  2.207E+00  2.347E+00  2.484E+00  2.626E+00  2.775E+00  2.917E+00  3.074E+00  3.225E+00  3.384E+00  3.557E+00  3.710E+00  3.870E+00  4.039E+00  4.209E+00  4.367E+00  4.541E+00  4.701E+00  4.871E+00  5.044E+00  5.189E+00  5.365E+00  5.506E+00  5.661E+00  5.817E+00  5.976E+00  6.117E+00  6.241E+00  6.393E+00  6.497E+00  6.628E+00  6.730E+00  6.819E+00  6.911E+00  6.984E+00  7.071E+00  7.127E+00  7.167E+00  7.180E+00  7.224E+00  7.220E+00  7.205E+00  7.190E+00  7.157E+00  7.112E+00  7.039E+00  6.958E+00  6.864E+00  6.756E+00  6.638E+00  6.506E+00  6.363E+00  6.181E+00  6.014E+00  5.848E+00  5.657E+00  5.464E+00  5.255E+00  5.067E+00  4.844E+00  4.645E+00  4.417E+00  4.204E+00  3.993E+00  3.774E+00  3.574E+00  3.367E+00  3.167E+00  2.974E+00  2.787E+00  2.608E+00  2.437E+00  2.260E+00  2.107E+00  1.955E+00  1.810E+00  1.682E+00  1.559E+00  1.436E+00  1.333E+00  1.241E+00  1.141E+00  1.059E+00  9.826E-01  9.135E-01  8.556E-01  7.987E-01  7.522E-01  7.095E-01  6.713E-01  6.340E-01  6.056E-01  5.791E-01  5.598E-01  5.431E-01  5.234E-01  5.092E-01  4.974E-01  4.876E-01  4.766E-01  4.680E-01  4.586E-01  4.513E-01  4.432E-01  4.358E-01  4.258E-01  4.171E-01  4.049E-01  3.946E-01  3.836E-01  3.737E-01  3.571E-01  3.467E-01  3.296E-01  3.153E-01  2.975E-01  2.814E-01  2.627E-01  2.462E-01  2.319E-01  2.141E-01  1.996E-01  1.843E-01  1.680E-01  1.543E-01  1.417E-01  1.284E-01  1.141E-01  1.038E-01  9.421E-02  8.319E-02  7.486E-02  6.711E-02  5.992E-02  5.366E-02  4.740E-02  4.198E-02  3.756E-02  3.317E-02  2.857E-02  2.551E-02  2.242E-02  1.940E-02  1.731E-02  1.513E-02  1.238E-02  1.151E-02  1.041E-02  8.406E-03  7.638E-03  6.209E-03  2.687E-02  Z
 0.000E+00  0.000E+00  0.000E+00  0.000E+00  0.000E+00  0.000E+00  0.000E+00  3.282E-04  1.204E-03  2.941E-03  3.857E-03  6.797E-03  7.787E-03  1.067E-02  1.286E-02  1.488E-02  1.714E-02  1.934E-02  2.227E-02  2.418E-02  2.513E-02  2.898E-02  3.160E-02  3.475E-02  3.759E-02  3.939E-02  4.241E-02  4.436E-02  4.780E-02  4.822E-02  5.009E-02  5.365E-02  5.595E-02  5.882E-02  6.103E-02  6.480E-02  6.404E-02  6.800E-02  7.051E-02  7.345E-02  7.435E-02  7.825E-02  8.102E-02  8.541E-02  8.921E-02  8.937E-02  9.363E-02  9.634E-02  1.012E-01  1.043E-01  1.083E-01  1.117E-01  1.168E-01  1.216E-01  1.249E-01  1.291E-01  1.349E-01  1.398E-01  1.471E-01  1.523E-01  1.593E-01  1.703E-01  1.762E-01  1.853E-01  1.966E-01  2.092E-01  2.244E-01  2.351E-01  2.546E-01  2.704E-01  2.930E-01  3.144E-01  3.345E-01  3.615E-01  3.941E-01  4.205E-01  4.542E-01  4.897E-01  5.283E-01  5.739E-01  6.193E-01  6.717E-01  7.250E-01  7.744E-01  8.388E-01  9.064E-01  9.729E-01  1.050E+00  1.127E+00  1.207E+00  1.303E+00  1.388E+00  1.489E+00  1.598E+00  1.694E+00  1.800E+00  1.921E+00  2.036E+00  2.159E+00  2.296E+00  2.424E+00  2.572E+00  2.707E+00  2.850E+00  2.999E+00  3.154E+00  3.302E+00  3.467E+00  3.617E+00  3.776E+00  3.943E+00  4.114E+00  4.277E+00  4.445E+00  4.615E+00  4.787E+00  4.950E+00  5.122E+00  5.286E+00  5.448E+00  5.616E+00  5.766E+00  5.926E+00  6.066E+00  6.221E+00  6.360E+00  6.511E+00  6.640E+00  6.762E+00  6.873E+00  6.996E+00  7.099E+00  7.178E+00  7.281E+00  7.350E+00  7.420E+00  7.469E+00  7.528E+00  7.553E+00  7.580E+00  7.579E+00  7.578E+00  7.552E+00  7.522E+00  7.483E+00  7.419E+00  7.334E+00  7.248E+00  7.150E+00  7.030E+00  6.886E+00  6.743E+00  6.609E+00  6.416E+00  6.249E+00  6.067E+00  5.854E+00  5.662E+00  5.456E+00  5.232E+00  5.009E+00  4.795E+00  4.575E+00  4.346E+00  4.121E+00  3.911E+00  3.690E+00  3.486E+00  3.281E+00  3.085E+00  2.898E+00  2.707E+00  2.531E+00  2.358E+00  2.204E+00  2.046E+00  1.897E+00  1.765E+00  1.634E+00  1.524E+00  1.419E+00  1.316E+00  1.220E+00  1.137E+00  1.058E+00  9.887E-01  9.293E-01  8.737E-01  8.219E-01  7.762E-01  7.391E-01  7.053E-01  6.696E-01  6.422E-01  6.217E-01  6.005E-01  5.807E-01  5.648E-01  5.483E-01  5.377E-01  5.251E-01  5.098E-01  4.948E-01  4.869E-01  4.750E-01  4.587E-01  4.459E-01  4.352E-01  4.205E-01  4.044E-01  3.885E-01  3.771E-01  3.580E-01  3.437E-01  3.273E-01  3.105E-01  2.922E-01  2.760E-01  2.584E-01  2.405E-01  2.240E-01  2.079E-01  1.904E-01  1.756E-01  1.603E-01  1.467E-01  1.333E-01  1.207E-01  1.090E-01  9.893E-02  8.776E-02  7.869E-02  6.985E-02  6.226E-02  5.612E-02  4.994E-02  4.412E-02  3.813E-02  3.456E-02  2.981E-02  2.607E-02  2.295E-02  2.035E-02  1.820E-02  1.562E-02  1.317E-02  1.179E-02  1.017E-02  4.252E-02  Z
 0.000E+00  0.000E+00  0.000E+00  0.000E+00  0.000E+00  5.218E-04  1.088E-03  1.761E-03  3.084E-03  4.667E-03  6.736E-03  8.506E-03  9.527E-03  1.181E-02  1.393E-02  1.557E-02  1.985E-02  2.035E-02  2.364E-02  2.442E-02  2.705E-02  2.916E-02  3.189E-02  3.325E-02  3.624E-02  3.875E-02  4.037E-02  4.362E-02  4.635E-02  4.774E-02  4.927E-02  5.196E-02  5.522E-02  5.598E-02  5.773E-02  5.968E-02  6.370E-02  6.777E-02  6.629E-02  7.047E-02  7.191E-02  7.476E-02  7.942E-02  8.142E-02  8.290E-02  8.698E-02  8.962E-02  9.375E-02  9.660E-02  1.013E-01  1.069E-01  1.109E-01  1.116E-01  1.170E-01  1.216E-01  1.247E-01  1.316E-01  1.346E-01  1.405E-01  1.459E-01  1.556E-01  1.634E-01  1.716E-01  1.817E-01  1.950E-01  2.060E-01  2.200E-01  2.354E-01  2.505E-01  2.667E-01  2.865E-01  3.091E-01  3.306E-01  3.546E-01  3.864E-01  4.203E-01  4.488E-01  4.835E-01  5.246E-01  5.698E-01  6.089E-01  6.636E-01  7.104E-01  7.700E-01  8.316E-01  8.999E-01  9.634E-01  1.034E+00  1.117E+00  1.193E+00  1.279E+00  1.366E+00  1.473E+00  1.571E+00  1.677E+00  1.785E+00  1.896E+00  2.020E+00  2.139E+00  2.260E+00  2.398E+00  2.530E+00  2.684E+00  2.817E+00  2.962E+00  3.126E+00  3.276E+00  3.427E+00  3.593E+00  3.752E+00  3.923E+00  4.097E+00  4.266E+00  4.428E+00  4.599E+00  4.771E+00  4.957E+00  5.126E+00  5.291E+00  5.456E+00  5.639E+00  5.804E+00  5.982E+00  6.133E+00  6.292E+00  6.440E+00  6.606E+00  6.746E+00  6.900E+00  7.016E+00  7.164E+00  7.284E+00  7.396E+00  7.502E+00  7.603E+00  7.698E+00  7.773E+00  7.855E+00  7.917E+00  7.977E+00  8.019E+00  8.042E+00  8.064E+00  8.081E+00  8.069E+00  8.044E+00  8.028E+00  7.971E+00  7.919E+00  7.841E+00  7.741E+00  7.640E+00  7.539E+00  7.388E+00  7.255E+00  7.098E+00  6.933E+00  6.754E+00  6.570E+00  6.360E+00  6.160E+00  5.940E+00  5.723E+00  5.497E+00  5.270E+00  5.045E+00  4.816E+00  4.584E+00  4.356E+00  4.124E+00  3.913E+00  3.688E+00  3.475E+00  3.273E+00  3.066E+00  2.877E+00  2.698E+00  2.523E+00  2.355E+00  2.188E+00  2.037E+00  1.900E+00  1.764E+00  1.645E+00  1.533E+00  1.430E+00  1.341E+00  1.246E+00  1.169E+00  1.097E+00  1.034E+00  9.714E-01  9.172E-01  8.695E-01  8.315E-01  7.888E-01  7.571E-01  7.223E-01  6.966E-01  6.675E-01  6.450E-01  6.271E-01  6.075E-01  5.909E-01  5.725E-01  5.550E-01  5.407E-01  5.211E-01  5.037E-01  4.889E-01  4.695E-01  4.514E-01  4.353E-01  4.160E-01  4.034E-01  3.822E-01  3.637E-01  3.468E-01  3.251E-01  3.077E-01  2.908E-01  2.716E-01  2.549E-01  2.380E-01  2.172E-01  2.015E-01  1.869E-01  1.717E-01  1.575E-01  1.438E-01  1.286E-01  1.167E-01  1.048E-01  9.505E-02  8.461E-02  7.624E-02  6.666E-02  5.994E-02  5.280E-02  4.690E-02  4.129E-02  3.691E-02  3.179E-02  2.839E-02  2.506E-02  2.218E-02  1.932E-02  1.669E-02  6.964E-02  Z
 0.000E+00  0.000E+00  0.000E+00  1.748E-04  4.616E-04  8.718E-04  1.698E-03  2.088E-03  3.669E-03  5.543E-03  5.826E-03  7.882E-03  1.008E-02  1.201E-02  1.329E-02  1.621E-02  1.772E-02  1.997E-02  2.086E-02  2.353E-02  2.627E-02  2.871E-02  3.142E-02  3.382E-02  3.530E-02  3.704E-02  3.845E-02  4.054E-02  4.348E-02  4.520E-02  4.792E-02  5.076E-02  5.096E-02  5.366E-02  5.652E-02  5.909E-02  6.042E-02  6.371E-02  6.708E-02  6.773E-02  7.184E-02  7.374E-02  7.497E-02  7.864E-02  8.190E-02  8.449E-02  8.632E-02  9.174E-02  9.309E-02  1.006E-01  1.026E-01  1.059E-01  1.103E-01  1.146E-01  1.175E-01  1.217E-01  1.261E-01  1.314E-01  1.401E-01  1.465E-01  1.511E-01  1.575E-01  1.686E-01  1.787E-01  1.854E-01  1.991E-01  2.140E-01  2.277E-01  2.443E-01  2.619E-01  2.823E-01  3.017E-01  3.277E-01  3.451E-01  3.766E-01  4.065E-01  4.407E-01  4.720E-01  5.099E-01  5.569E-01  5.982E-01  6.470E-01  7.021E-01  7.522E-01  8.154E-01  8.789E-01  9.436E-01  1.020E+00  1.097E+00  1.173E+00  1.263E+00  1.351E+00  1.444E+00  1.544E+00  1.647E+00  1.760E+00  1.875E+00  1.989E+00  2.117E+00  2.249E+00  2.380E+00  2.521E+00  2.644E+00  2.797E+00  2.960E+00  3.101E+00  3.252E+00  3.413E+00  3.579E+00  3.754E+00  3.924E+00  4.098E+00  4.271E+00  4.442E+00  4.621E+00  4.809E+00  4.990E+00  5.163E+00  5.346E+00  5.524E+00  5.703E+00  5.894E+00  6.079E+00  6.243E+00  6.410E+00  6.594E+00  6.753E+00  6.940E+00  7.076E+00  7.237E+00  7.377E+00  7.534E+00  7.666E+00  7.810E+00  7.941E+00  8.050E+00  8.161E+00  8.271E+00  8.353E+00  8.442E+00  8.509E+00  8.569E+00  8.638E+00  8.663E+00  8.705E+00  8.711E+00  8.715E+00  8.703E+00  8.690E+00  8.665E+00  8.627E+00  8.569E+00  8.490E+00  8.412E+00  8.320E+00  8.205E+00  8.075E+00  7.947E+00  7.799E+00  7.627E+00  7.452E+00  7.268E+00  7.062E+00  6.857E+00  6.651E+00  6.422E+00  6.182E+00  5.952E+00  5.720E+00  5.475E+00  5.244E+00  4.993E+00  4.754E+00  4.502E+00  4.278E+00  4.047E+00  3.818E+00  3.600E+00  3.383E+00  3.190E+00  2.988E+00  2.813E+00  2.632E+00  2.453E+00  2.297E+00  2.143E+00  1.999E+00  1.864E+00  1.746E+00  1.631E+00  1.527E+00  1.432E+00  1.342E+00  1.260E+00  1.189E+00  1.121E+00  1.062E+00  1.008E+00  9.579E-01  9.115E-01  8.693E-01  8.284E-01  8.014E-01  7.672E-01  7.307E-01  7.085E-01  6.824E-01  6.557E-01  6.325E-01  6.120E-01  5.881E-01  5.637E-01  5.423E-01  5.187E-01  5.014E-01  4.796E-01  4.598E-01  4.364E-01  4.160E-01  3.991E-01  3.760E-01  3.569E-01  3.354E-01  3.167E-01  2.980E-01  2.803E-01  2.605E-01  2.420E-01  2.240E-01  2.067E-01  1.890E-01  1.736E-01  1.585E-01  1.446E-01  1.316E-01  1.189E-01  1.068E-01  9.645E-02  8.703E-02  7.611E-02  6.747E-02  6.096E-02  5.384E-02  4.755E-02  4.200E-02  3.657E-02  3.230E-02  2.853E-02  1.206E-01  Z
 0.000E+00  0.000E+00  1.034E-04  1.312E-04  6.932E-04  8.020E-04  1.700E-03  2.537E-03  3.643E-03  5.275E-03  6.103E-03  8.556E-03  9.454E-03  1.134E-02  1.324E-02  1.474E-02  1.758E-02  1.936E-02  2.227E-02  2.373E-02  2.491E-02  2.737E-02  3.018E-02  3.241E-02  3.365E-02  3.689E-02  3.958E-02  4.012E-02  4.284E-02  4.455E-02  4.752E-02  4.743E-02  5.210E-02  5.442E-02  5.454E-02  5.711E-02  6.198E-02  6.112E-02  6.371E-02  6.688E-02  6.879E-02  7.354E-02  7.543E-02  7.652E-02  7.848E-02  8.302E-02  8.574E-02  8.843E-02  9.379E-02  9.629E-02  9.896E-02  1.051E-01  1.078E-01  1.120E-01  1.152E-01  1.207E-01  1.247E-01  1.289E-01  1.345E-01  1.423E-01  1.493E-01  1.597E-01  1.672E-01  1.762E-01  1.828E-01  1.982E-01  2.083E-01  2.226E-01  2.393E-01  2.574E-01  2.746E-01  2.954E-01  3.203E-01  3.444E-01  3.752E-01  4.018E-01  4.317E-01  4.691E-01  5.043E-01  5.445E-01  5.931E-01  6.389E-01  6.878E-01  7.428E-01  8.019E-01  8.666E-01  9.374E-01  1.005E+00  1.079E+00  1.158E+00  1.247E+00  1.336E+00  1.430E+00  1.529E+00  1.633E+00  1.747E+00  1.856E+00  1.969E+00  2.103E+00  2.224E+00  2.364E+00  2.486E+00  2.634E+00  2.775E+00  2.934E+00  3.102E+00  3.248E+00  3.413E+00  3.582E+00  3.751E+00  3.938E+00  4.100E+00  4.284E+00  4.458E+00  4.646E+00  4.830E+00  5.015E+00  5.199E+00  5.391E+00  5.584E+00  5.753E+00  5.954E+00  6.154E+00  6.322E+00  6.504E+00  6.689E+00  6.862E+00  7.038E+00  7.217E+00  7.389E+00  7.548E+00  7.718E+00  7.853E+00  8.007E+00  8.160E+00  8.282E+00  8.412E+00  8.527E+00  8.635E+00  8.737E+00  8.821E+00  8.897E+00  9.002E+00  9.040E+00  9.108E+00  9.134E+00  9.159E+00  9.194E+00  9.202E+00  9.206E+00  9.173E+00  9.146E+00  9.105E+00  9.045E+00  8.969E+00  8.904E+00  8.818E+00  8.700E+00  8.584E+00  8.433E+00  8.297E+00  8.146E+00  7.967E+00  7.772E+00  7.574E+00  7.384E+00  7.171E+00  6.936E+00  6.720E+00  6.465E+00  6.232E+00  5.985E+00  5.739E+00  5.498E+00  5.248E+00  4.993E+00  4.746E+00  4.502E+00  4.259E+00  4.031E+00  3.805E+00  3.575E+00  3.371E+00  3.175E+00  2.973E+00  2.793E+00  2.615E+00  2.453E+00  2.289E+00  2.155E+00  2.012E+00  1.879E+00  1.761E+00  1.653E+00  1.546E+00  1.458E+00  1.370E+00  1.292E+00  1.221E+00  1.151E+00  1.089E+00  1.038E+00  9.884E-01  9.353E-01  8.987E-01  8.596E-01  8.203E-01  7.856E-01  7.563E-01  7.244E-01  6.907E-01  6.655E-01  6.430E-01  6.102E-01  5.914E-01  5.654E-01  5.383E-01  5.153E-01  4.919E-01  4.700E-01  4.488E-01  4.257E-01  4.033E-01  3.838E-01  3.616E-01  3.417E-01  3.217E-01  2.989E-01  2.808E-01  2.633E-01  2.413E-01  2.231E-01  2.051E-01  1.915E-01  1.754E-01  1.597E-01  1.447E-01  1.310E-01  1.186E-01  1.040E-01  9.534E-02  8.463E-02  7.517E-02  6.775E-02  5.963E-02  5.350E-02  4.673E-02  4.083E-02  1.767E-01  Z
 0.000E+00  0.000E+00  5.154E-05  2.177E-04  5.002E-04  1.218E-03  1.476E-03  2.027E-03  3.562E-03  4.589E-03  6.025E-03  7.231E-03  8.458E-03  1.130E-02  1.191E-02  1.451E-02  1.563E-02  1.795E-02  1.914E-02  2.331E-02  2.492E-02  2.525E-02  2.729E-02  3.037E-02  3.384E-02  3.493E-02  3.600E-02  3.843E-02  4.064E-02  4.377E-02  4.623E-02  4.678E-02  4.786E-02  5.274E-02  5.390E-02  5.597E-02  5.748E-02  5.928E-02  6.236E-02  6.436E-02  6.558E-02  7.058E-02  7.271E-02  7.483E-02  7.807E-02  8.162E-02  8.536E-02  8.930E-02  8.961E-02  9.455E-02  9.848E-02  1.018E-01  1.045E-01  1.078E-01  1.128E-01  1.179E-01  1.214E-01  1.277E-01  1.342E-01  1.409E-01  1.469E-01  1.536E-01  1.628E-01  1.722E-01  1.816E-01  1.959E-01  2.052E-01  2.188E-01  2.360E-01  2.507E-01  2.711E-01  2.917E-01  3.127E-01  3.353E-01  3.660E-01  3.935E-01  4.240E-01  4.552E-01  4.951E-01  5.385E-01  5.792E-01  6.211E-01  6.760E-01  7.312E-01  7.879E-01  8.523E-01  9.129E-01  9.897E-01  1.063E+00  1.149E+00  1.234E+00  1.314E+00  1.420E+00  1.506E+00  1.608E+00  1.720E+00  1.837E+00  1.958E+00  2.073E+00  2.212E+00  2.330E+00  2.482E+00  2.626E+00  2.770E+00  2.925E+00  3.078E+00  3.255E+00  3.404E+00  3.585E+00  3.748E+00  3.928E+00  4.112E+00  4.292E+00  4.489E+00  4.666E+00  4.871E+00  5.057E+00  5.246E+00  5.452E+00  5.655E+00  5.862E+00  6.048E+00  6.255E+00  6.440E+00  6.645E+00  6.844E+00  7.039E+00  7.230E+00  7.412E+00  7.598E+00  7.763E+00  7.961E+00  8.133E+00  8.294E+00  8.444E+00  8.594E+00  8.757E+00  8.899E+00  9.034E+00  9.164E+00  9.286E+00  9.381E+00  9.499E+00  9.583E+00  9.683E+00  9.735E+00  9.788E+00  9.841E+00  9.877E+00  9.905E+00  9.916E+00  9.929E+00  9.918E+00  9.907E+00  9.866E+00  9.809E+00  9.763E+00  9.709E+00  9.626E+00  9.528E+00  9.418E+00  9.313E+00  9.180E+00  9.014E+00  8.866E+00  8.709E+00  8.522E+00  8.318E+00  8.131E+00  7.904E+00  7.692E+00  7.454E+00  7.213E+00  6.968E+00  6.706E+00  6.464E+00  6.209E+00  5.947E+00  5.678E+00  5.413E+00  5.168E+00  4.912E+00  4.662E+00  4.413E+00  4.181E+00  3.943E+00  3.713E+00  3.497E+00  3.295E+00  3.098E+00  2.912E+00  2.728E+00  2.551E+00  2.394E+00  2.248E+00  2.109E+00  1.983E+00  1.854E+00  1.740E+00  1.644E+00  1.548E+00  1.453E+00  1.368E+00  1.301E+00  1.228E+00  1.158E+00  1.102E+00  1.055E+00  9.946E-01  9.449E-01  8.999E-01  8.640E-01  8.184E-01  7.879E-01  7.516E-01  7.162E-01  6.839E-01  6.524E-01  6.270E-01  5.970E-01  5.679E-01  5.414E-01  5.156E-01  4.922E-01  4.693E-01  4.415E-01  4.173E-01  3.942E-01  3.719E-01  3.510E-01  3.305E-01  3.098E-01  2.875E-01  2.671E-01  2.489E-01  2.291E-01  2.107E-01  1.956E-01  1.790E-01  1.637E-01  1.485E-01  1.335E-01  1.205E-01  1.086E-01  9.742E-02  8.551E-02  7.632E-02  6.920E-02  3.038E-01  Z
 0.000E+00  0.000E+00  2.580E-04  2.189E-04  5.006E-04  1.288E-03  1.699E-03  2.327E-03  2.775E-03  4.931E-03  5.348E-03  7.825E-03  8.812E-03  9.720E-03  1.196E-02  1.409E-02  1.501E-02  1.747E-02  1.888E-02  2.249E-02  2.339E-02  2.478E-02  2.725E-02  3.023E-02  3.110E-02  3.396E-02  3.492E-02  3.734E-02  3.970E-02  4.245E-02  4.438E-02  4.739E-02  4.799E-02  5.048E-02  5.354E-02  5.557E-02  5.466E-02  5.854E-02  6.156E-02  6.378E-02  6.563E-02  6.980E-02  7.315E-02  7.419E-02  7.717E-02  8.033E-02  8.475E-02  8.508E-02  8.844E-02  9.418E-02  9.553E-02  1.011E-01  1.032E-01  1.092E-01  1.106E-01  1.155E-01  1.205E-01  1.262E-01  1.327E-01  1.387E-01  1.442E-01  1.516E-01  1.616E-01  1.701E-01  1.785E-01  1.907E-01  2.043E-01  2.158E-01  2.302E-01  2.495E-01  2.671E-01  2.870E-01  3.037E-01  3.307E-01  3.565E-01  3.819E-01  4.156E-01  4.477E-01  4.877E-01  5.286E-01  5.743E-01  6.111E-01  6.651E-01  7.178E-01  7.813E-01  8.418E-01  9.009E-01  9.723E-01  1.047E+00  1.127E+00  1.220E+00  1.307E+00  1.395E+00  1.496E+00  1.596E+00  1.704E+00  1.818E+00  1.931E+00  2.066E+00  2.193E+00  2.327E+00  2.463E+00  2.611E+00  2.751E+00  2.922E+00  3.072E+00  3.238E+00  3.400E+00  3.583E+00  3.740E+00  3.928E+00  4.125E+00  4.306E+00  4.501E+00  4.692E+00  4.887E+00  5.086E+00  5.288E+00  5.491E+00  5.699E+00  5.895E+00  6.118E+00  6.317E+00  6.519E+00  6.721E+00  6.928E+00  7.134E+00  7.334E+00  7.534E+00  7.750E+00  7.937E+00  8.115E+00  8.308E+00  8.484E+00  8.664E+00  8.834E+00  8.971E+00  9.155E+00  9.311E+00  9.449E+00  9.597E+00  9.720E+00  9.834E+00  9.944E+00  1.006E+01  1.013E+01  1.022E+01  1.029E+01  1.035E+01  1.039E+01  1.043E+01  1.046E+01  1.048E+01  1.049E+01  1.049E+01  1.046E+01  1.042E+01  1.037E+01  1.034E+01  1.026E+01  1.018E+01  1.009E+01  9.979E+00  9.867E+00  9.735E+00  9.596E+00  9.442E+00  9.274E+00  9.096E+00  8.924E+00  8.714E+00  8.487E+00  8.272E+00  8.047E+00  7.803E+00  7.553E+00  7.294E+00  7.034E+00  6.772E+00  6.520E+00  6.243E+00  5.970E+00  5.704E+00  5.435E+00  5.161E+00  4.913E+00  4.660E+00  4.416E+00  4.176E+00  3.942E+00  3.715E+00  3.499E+00  3.283E+00  3.091E+00  2.905E+00  2.726E+00  2.570E+00  2.404E+00  2.256E+00  2.117E+00  1.986E+00  1.862E+00  1.755E+00  1.651E+00  1.550E+00  1.465E+00  1.382E+00  1.303E+00  1.240E+00  1.169E+00  1.110E+00  1.051E+00  1.003E+00  9.526E-01  9.029E-01  8.638E-01  8.175E-01  7.824E-01  7.455E-01  7.091E-01  6.741E-01  6.466E-01  6.194E-01  5.873E-01  5.573E-01  5.283E-01  5.045E-01  4.778E-01  4.506E-01  4.249E-01  4.029E-01  3.790E-01  3.559E-01  3.357E-01  3.114E-01  2.900E-01  2.682E-01  2.498E-01  2.316E-01  2.147E-01  1.967E-01  1.796E-01  1.627E-01  1.479E-01  1.342E-01  1.210E-01  1.079E-01  9.845E-02  4.405E-01  Z
 0.000E+00  0.000E+00  0.000E+00  1.752E-04  5.781E-04  9.056E-04  1.187E-03  1.968E-03  3.391E-03  4.427E-03  4.466E-03  6.599E-03  8.157E-03  9.939E-03  1.015E-02  1.281E-02  1.507E-02  1.677E-02  1.834E-02  1.938E-02  2.330E-02  2.485E-02  2.624E-02  2.985E-02  3.040E-02  3.355E-02  3.363E-02  3.647E-02  3.764E-02  4.128E-02  4.283E-02  4.501E-02  4.598E-02  4.921E-02  5.097E-02  5.493E-02  5.570E-02  5.939E-02  5.874E-02  6.183E-02  6.515E-02  6.711E-02  7.102E-02  7.214E-02  7.470E-02  7.743E-02  8.197E-02  8.460E-02  8.733E-02  9.153E-02  9.521E-02  9.862E-02  1.045E-01  1.046E-01  1.102E-01  1.148E-01  1.199E-01  1.231E-01  1.302E-01  1.349E-01  1.418E-01  1.490E-01  1.570E-01  1.658E-01  1.727E-01  1.884E-01  1.974E-01  2.105E-01  2.277E-01  2.444E-01  2.601E-01  2.800E-01  3.001E-01  3.251E-01  3.477E-01  3.752E-01  4.035E-01  4.416E-01  4.764E-01  5.169E-01  5.586E-01  6.018E-01  6.541E-01  7.070E-01  7.639E-01  8.287E-01  8.929E-01  9.596E-01  1.032E+00  1.110E+00  1.197E+00  1.286E+00  1.374E+00  1.472E+00  1.578E+00  1.683E+00  1.803E+00  1.920E+00  2.046E+00  2.180E+00  2.307E+00  2.450E+00  2.597E+00  2.741E+00  2.905E+00  3.069E+00  3.227E+00  3.403E+00  3.581E+00  3.754E+00  3.941E+00  4.120E+00  4.321E+00  4.512E+00  4.719E+00  4.903E+00  5.124E+00  5.337E+00  5.536E+00  5.750E+00  5.971E+00  6.200E+00  6.407E+00  6.615E+00  6.858E+00  7.062E+00  7.274E+00  7.483E+00  7.698E+00  7.920E+00  8.135E+00  8.344E+00  8.531E+00  8.735E+00  8.945E+00  9.130E+00  9.304E+00  9.502E+00  9.675E+00  9.839E+00  9.996E+00  1.016E+01  1.029E+01  1.045E+01  1.056E+01  1.068E+01  1.079E+01  1.090E+01  1.097E+01  1.108E+01  1.116E+01  1.120E+01  1.125E+01  1.128E+01  1.133E+01  1.133E+01  1.132E+01  1.132E+01  1.129E+01  1.126E+01  1.120E+01  1.115E+01  1.109E+01  1.101E+01  1.091E+01  1.082E+01  1.068E+01  1.057E+01  1.043E+01  1.027E+01  1.011E+01  9.916E+00  9.742E+00  9.548E+00  9.337E+00  9.105E+00  8.880E+00  8.636E+00  8.384E+00  8.142E+00  7.880E+00  7.596E+00  7.326E+00  7.047E+00  6.761E+00  6.470E+00  6.197E+00  5.911E+00  5.650E+00  5.364E+00  5.090E+00  4.827E+00  4.573E+00  4.324E+00  4.086E+00  3.853E+00  3.625E+00  3.420E+00  3.226E+00  3.025E+00  2.840E+00  2.672E+00  2.502E+00  2.357E+00  2.205E+00  2.076E+00  1.942E+00  1.826E+00  1.720E+00  1.612E+00  1.523E+00  1.432E+00  1.350E+00  1.277E+00  1.211E+00  1.140E+00  1.081E+00  1.025E+00  9.681E-01  9.214E-01  8.743E-01  8.319E-01  7.895E-01  7.548E-01  7.176E-01  6.788E-01  6.504E-01  6.168E-01  5.828E-01  5.581E-01  5.250E-01  4.961E-01  4.704E-01  4.431E-01  4.192E-01  3.908E-01  3.680E-01  3.457E-01  3.243E-01  3.018E-01  2.801E-01  2.608E-01  2.383E-01  2.202E-01  2.025E-01  1.841E-01  1.689E-01  1.515E-01  7.264E-01  Z
 0.000E+00  0.000E+00  0.000E+00  0.000E+00  3.470E-04  6.630E-04  1.345E-03  2.211E-03  3.056E-03  3.762E-03  4.638E-03  5.856E-03  7.514E-03  9.480E-03  9.400E-03  1.146E-02  1.303E-02  1.628E-02  1.670E-02  1.872E-02  2.040E-02  2.277E-02  2.458E-02  2.790E-02  2.887E-02  3.147E-02  3.432E-02  3.515E-02  3.774E-02  3.809E-02  4.146E-02  4.339E-02  4.457E-02  4.899E-02  4.848E-02  5.043E-02  5.305E-02  5.618E-02  5.828E-02  5.946E-02  6.413E-02  6.549E-02  6.813E-02  7.129E-02  7.249E-02  7.640E-02  7.828E-02  8.176E-02  8.587E-02  8.778E-02  9.123E-02  9.452E-02  9.922E-02  1.038E-01  1.063E-01  1.119E-01  1.169E-01  1.216E-01  1.267E-01  1.305E-01  1.401E-01  1.437E-01  1.552E-01  1.644E-01  1.722E-01  1.824E-01  1.938E-01  2.072E-01  2.212E-01  2.361E-01  2.518E-01  2.736E-01  2.940E-01  3.149E-01  3.423E-01  3.686E-01  3.946E-01  4.310E-01  4.660E-01  5.034E-01  5.461E-01  5.908E-01  6.379E-01  6.936E-01  7.379E-01  8.121E-01  8.750E-01  9.446E-01  1.015E+00  1.088E+00  1.180E+00  1.261E+00  1.356E+00  1.453E+00  1.555E+00  1.659E+00  1.780E+00  1.895E+00  2.022E+00  2.151E+00  2.289E+00  2.427E+00  2.568E+00  2.722E+00  2.889E+00  3.047E+00  3.218E+00  3.382E+00  3.570E+00  3.755E+00  3.934E+00  4.144E+00  4.324E+00  4.528E+00  4.740E+00  4.947E+00  5.154E+00  5.377E+00  5.615E+00  5.821E+00  6.046E+00  6.268E+00  6.511E+00  6.733E+00  6.964E+00  7.197E+00  7.448E+00  7.677E+00  7.893E+00  8.130E+00  8.348E+00  8.600E+00  8.816E+00  9.042E+00  9.269E+00  9.466E+00  9.686E+00  9.893E+00  1.011E+01  1.030E+01  1.049E+01  1.068E+01  1.084E+01  1.104E+01  1.119E+01  1.134E+01  1.149E+01  1.163E+01  1.176E+01  1.188E+01  1.199E+01  1.208E+01  1.219E+01  1.226E+01  1.232E+01  1.240E+01  1.244E+01  1.245E+01  1.248E+01  1.249E+01  1.250E+01  1.248E+01  1.245E+01  1.239E+01  1.236E+01  1.231E+01  1.223E+01  1.215E+01  1.204E+01  1.193E+01  1.182E+01  1.170E+01  1.155E+01  1.139E+01  1.125E+01  1.106E+01  1.086E+01  1.066E+01  1.043E+01  1.023E+01  9.993E+00  9.763E+00  9.492E+00  9.234E+00  8.948E+00  8.690E+00  8.398E+00  8.102E+00  7.794E+00  7.515E+00  7.196E+00  6.894E+00  6.608E+00  6.299E+00  6.005E+00  5.729E+00  5.422E+00  5.161E+00  4.877E+00  4.615E+00  4.356E+00  4.102E+00  3.874E+00  3.647E+00  3.421E+00  3.216E+00  3.019E+00  2.838E+00  2.659E+00  2.494E+00  2.336E+00  2.190E+00  2.060E+00  1.926E+00  1.813E+00  1.701E+00  1.597E+00  1.507E+00  1.413E+00  1.329E+00  1.261E+00  1.189E+00  1.124E+00  1.060E+00  1.009E+00  9.564E-01  9.054E-01  8.609E-01  8.177E-01  7.707E-01  7.341E-01  6.911E-01  6.609E-01  6.274E-01  5.924E-01  5.606E-01  5.306E-01  5.012E-01  4.694E-01  4.431E-01  4.165E-01  3.892E-01  3.651E-01  3.412E-01  3.191E-01  2.919E-01  2.722E-01  2.530E-01  1.293E+00  Z
 p-
 Z
 Z
 Z
 Z
 Z
 Z
 Z
 Z
 Z
 Z
 Z
 Z
 Z
 Z
 Z
 Z
 Z
 Z
 Z
 Z
 Z
 Z
 Z
 Z
 Z
 0.000E+00  0.000E+00  0.000E+00  0.000E+00  0.000E+00  0.000E+00  0.000E+00  0.000E+00  0.000E+00  0.000E+00  0.000E+00  0.000E+00  0.000E+00  0.000E+00  0.000E+00  0.000E+00  0.000E+00  0.000E+00  0.000E+00  0.000E+00  0.000E+00  0.000E+00  0.000E+00  0.000E+00  0.000E+00  0.000E+00  0.000E+00  0.000E+00  0.000E+00  1.525E-05  4.400E-05  5.821E-05  4.319E-05  5.608E-05  1.526E-04  3.293E-04  4.859E-04  5.317E-04  7.631E-04  1.414E-03  1.773E-03  2.132E-03  3.034E-03  4.098E-03  5.288E-03  6.532E-03  8.018E-03  9.901E-03  1.233E-02  1.464E-02  1.878E-02  2.166E-02  2.768E-02  3.243E-02  3.658E-02  4.273E-02  5.125E-02  5.849E-02  6.706E-02  7.824E-02  8.781E-02  9.813E-02  1.138E-01  1.273E-01  1.418E-01  1.610E-01  1.771E-01  1.950E-01  2.153E-01  2.346E-01  2.583E-01  2.790E-01  3.056E-01  3.280E-01  3.555E-01  3.770E-01  4.070E-01  4.246E-01  4.452E-01  4.677E-01  4.888E-01  5.036E-01  5.154E-01  5.369E-01  5.403E-01  5.523E-01  5.602E-01  5.683E-01  5.788E-01  5.869E-01  6.029E-01  6.076E-01  6.183E-01  6.320E-01  6.439E-01  6.520E-01  6.614E-01  6.711E-01  6.802E-01  6.855E-01  6.974E-01  6.979E-01  7.062E-01  7.066E-01  7.043E-01  7.079E-01  7.030E-01  7.037E-01  6.940E-01  6.900E-01  6.824E-01  6.754E-01  6.632E-01  6.546E-01  6.411E-01  6.234E-01  6.067E-01  5.928E-01  5.749E-01  5.554E-01  5.351E-01  5.159E-01  4.912E-01  4.703E-01  4.510E-01  4.308E-01  4.068E-01  3.844E-01  3.623E-01  3.432E-01  3.234E-01  3.040E-01  2.836E-01  2.635E-01  2.481E-01  2.277E-01  2.129E-01  1.975E-01  1.814E-01  1.670E-01  1.542E-01  1.414E-01  1.309E-01  1.201E-01  1.076E-01  9.944E-02  9.016E-02  8.302E-02  7.561E-02  6.761E-02  6.051E-02  5.599E-02  4.966E-02  4.514E-02  4.089E-02  3.729E-02  3.350E-02  3.053E-02  2.677E-02  2.437E-02  2.217E-02  1.948E-02  1.660E-02  1.554E-02  1.374E-02  1.244E-02  1.106E-02  9.439E-03  9.248E-03  8.152E-03  7.032E-03  6.148E-03  5.391E-03  4.932E-03  4.553E-03  3.726E-03  3.456E-03  3.234E-03  2.713E-03  2.486E-03  2.168E-03  1.758E-03  1.483E-03  1.636E-03  1.266E-03  1.037E-03  9.610E-04  9.302E-04  8.285E-04  7.374E-04  5.923E-04  5.806E-04  5.364E-04  3.480E-04  4.413E-04  3.856E-04  2.631E-04  2.559E-04  2.769E-04  1.962E-04  1.436E-04  1.505E-04  1.664E-04  1.658E-04  1.208E-04  1.316E-04  5.663E-05  8.551E-05  2.843E-05  4.436E-05  7.355E-05  5.571E-05  3.985E-05  4.509E-05  3.919E-05  1.142E-05  1.635E-05  5.371E-06  1.699E-05  1.107E-05  5.478E-06  1.109E-05  2.144E-05  1.653E-05  0.000E+00  Z
 0.000E+00  0.000E+00  0.000E+00  0.000E+00  0.000E+00  0.000E+00  0.000E+00  0.000E+00  0.000E+00  0.000E+00  0.000E+00  0.000E+00  0.000E+00  0.000E+00  0.000E+00  0.000E+00  0.000E+00  0.000E+00  0.000E+00  0.000E+00  0.000E+00  0.000E+00  0.000E+00  0.000E+00  3.303E-05  3.237E-05  1.566E-05  7.781E-05  1.989E-04  1.943E-04  2.068E-04  3.345E-04  5.301E-04  4.092E-04  1.054E-03  1.123E-03  1.648E-03  1.722E-03  2.539E-03  3.222E-03  3.965E-03  4.806E-03  5.729E-03  7.283E-03  9.542E-03  1.067E-02  1.261E-02  1.528E-02  1.755E-02  2.085E-02  2.456E-02  2.926E-02  3.446E-02  3.968E-02  4.443E-02  5.267E-02  6.098E-02  6.842E-02  7.869E-02  8.568E-02  9.699E-02  1.116E-01  1.217E-01  1.371E-01  1.508E-01  1.657E-01  1.832E-01  2.015E-01  2.233E-01  2.408E-01  2.596E-01  2.815E-01  3.020E-01  3.241E-01  3.470E-01  3.619E-01  3.869E-01  4.013E-01  4.210E-01  4.418E-01  4.618E-01  4.753E-01  4.893E-01  5.081E-01  5.244E-01  5.422E-01  5.560E-01  5.673E-01  5.808E-01  5.927E-01  6.042E-01  6.201E-01  6.296E-01  6.432E-01  6.539E-01  6.641E-01  6.722E-01  6.824E-01  6.873E-01  6.962E-01  6.996E-01  7.045E-01  7.110E-01  7.122E-01  7.165E-01  7.128E-01  7.127E-01  7.139E-01  7.082E-01  7.038E-01  6.974E-01  6.884E-01  6.823E-01  6.712E-01  6.516E-01  6.456E-01  6.299E-01  6.154E-01  5.978E-01  5.758E-01  5.578E-01  5.419E-01  5.200E-01  5.008E-01  4.807E-01  4.579E-01  4.363E-01  4.166E-01  3.931E-01  3.717E-01  3.535E-01  3.332E-01  3.108E-01  2.906E-01  2.746E-01  2.544E-01  2.378E-01  2.182E-01  2.027E-01  1.866E-01  1.733E-01  1.604E-01  1.482E-01  1.351E-01  1.246E-01  1.122E-01  1.019E-01  9.351E-02  8.532E-02  7.757E-02  7.002E-02  6.480E-02  5.795E-02  5.119E-02  4.803E-02  4.264E-02  3.829E-02  3.335E-02  3.120E-02  2.796E-02  2.497E-02  2.214E-02  2.019E-02  1.813E-02  1.611E-02  1.426E-02  1.252E-02  1.088E-02  9.980E-03  8.743E-03  8.259E-03  7.371E-03  6.382E-03  5.421E-03  4.874E-03  4.367E-03  3.973E-03  3.724E-03  2.987E-03  2.898E-03  2.454E-03  2.316E-03  1.912E-03  1.602E-03  1.476E-03  1.354E-03  1.252E-03  9.465E-04  1.068E-03  8.277E-04  7.111E-04  5.978E-04  5.059E-04  4.198E-04  3.982E-04  4.211E-04  3.909E-04  3.780E-04  2.087E-04  2.963E-04  2.140E-04  1.678E-04  1.261E-04  1.552E-04  1.314E-04  8.559E-05  1.075E-04  8.523E-05  1.067E-04  5.035E-05  5.626E-05  2.826E-05  3.879E-05  2.245E-05  1.106E-05  3.343E-05  2.212E-05  1.117E-05  1.635E-05  1.071E-05  1.128E-05  1.124E-05  2.205E-05  1.633E-05  1.076E-05  0.000E+00  Z
 0.000E+00  0.000E+00  0.000E+00  0.000E+00  0.000E+00  0.000E+00  0.000E+00  0.000E+00  0.000E+00  0.000E+00  0.000E+00  0.000E+00  0.000E+00  0.000E+00  0.000E+00  0.000E+00  0.000E+00  0.000E+00  0.000E+00  1.865E-05  3.602E-05  3.544E-05  6.901E-05  5.012E-05  4.957E-05  8.097E-05  1.907E-04  2.806E-04  4.123E-04  3.171E-04  6.946E-04  9.316E-04  1.060E-03  1.341E-03  1.849E-03  2.373E-03  2.936E-03  3.429E-03  4.174E-03  4.895E-03  6.404E-03  7.876E-03  8.715E-03  1.058E-02  1.220E-02  1.504E-02  1.784E-02  2.058E-02  2.455E-02  2.744E-02  3.135E-02  3.652E-02  4.089E-02  4.803E-02  5.470E-02  6.083E-02  6.907E-02  7.878E-02  8.811E-02  9.765E-02  1.086E-01  1.196E-01  1.327E-01  1.462E-01  1.635E-01  1.759E-01  1.909E-01  2.090E-01  2.276E-01  2.462E-01  2.656E-01  2.826E-01  3.015E-01  3.155E-01  3.379E-01  3.558E-01  3.745E-01  3.905E-01  4.070E-01  4.268E-01  4.441E-01  4.616E-01  4.825E-01  4.959E-01  5.122E-01  5.305E-01  5.486E-01  5.655E-01  5.826E-01  5.975E-01  6.166E-01  6.267E-01  6.444E-01  6.538E-01  6.753E-01  6.890E-01  6.962E-01  7.092E-01  7.144E-01  7.263E-01  7.295E-01  7.351E-01  7.467E-01  7.519E-01  7.530E-01  7.572E-01  7.569E-01  7.553E-01  7.523E-01  7.476E-01  7.423E-01  7.370E-01  7.258E-01  7.182E-01  7.074E-01  6.942E-01  6.779E-01  6.655E-01  6.491E-01  6.334E-01  6.175E-01  5.956E-01  5.792E-01  5.592E-01  5.336E-01  5.144E-01  4.946E-01  4.701E-01  4.516E-01  4.321E-01  4.086E-01  3.867E-01  3.655E-01  3.459E-01  3.248E-01  3.039E-01  2.806E-01  2.676E-01  2.494E-01  2.290E-01  2.151E-01  1.992E-01  1.821E-01  1.692E-01  1.572E-01  1.432E-01  1.328E-01  1.207E-01  1.110E-01  9.968E-02  9.222E-02  8.317E-02  7.579E-02  6.890E-02  6.174E-02  5.584E-02  5.115E-02  4.705E-02  4.232E-02  3.730E-02  3.398E-02  3.071E-02  2.700E-02  2.426E-02  2.212E-02  1.972E-02  1.739E-02  1.628E-02  1.415E-02  1.240E-02  1.071E-02  1.017E-02  8.701E-03  7.587E-03  6.820E-03  6.433E-03  5.416E-03  5.110E-03  4.492E-03  4.110E-03  3.290E-03  2.994E-03  2.561E-03  2.210E-03  2.147E-03  1.988E-03  1.572E-03  1.551E-03  1.160E-03  1.184E-03  1.042E-03  9.079E-04  7.441E-04  6.892E-04  5.816E-04  4.505E-04  4.627E-04  3.893E-04  3.050E-04  3.539E-04  2.775E-04  3.111E-04  2.073E-04  2.139E-04  1.951E-04  1.489E-04  1.034E-04  7.916E-05  1.135E-04  6.835E-05  7.868E-05  6.665E-05  4.533E-05  6.790E-05  4.447E-05  4.443E-05  1.098E-05  3.298E-05  1.636E-05  1.660E-05  5.276E-06  5.716E-06  5.638E-06  5.469E-06  0.000E+00  Z
 0.000E+00  0.000E+00  0.000E+00  0.000E+00  0.000E+00  0.000E+00  0.000E+00  0.000E+00  0.000E+00  0.000E+00  0.000E+00  0.000E+00  0.000E+00  0.000E+00  0.000E+00  0.000E+00  0.000E+00  0.000E+00  3.773E-05  3.670E-05  1.258E-04  1.758E-05  1.206E-04  1.688E-04  2.485E-04  2.916E-04  3.333E-04  5.458E-04  5.038E-04  8.265E-04  1.065E-03  1.310E-03  1.792E-03  2.074E-03  2.675E-03  2.590E-03  3.838E-03  4.725E-03  5.252E-03  6.629E-03  6.957E-03  9.373E-03  1.117E-02  1.299E-02  1.428E-02  1.737E-02  2.017E-02  2.373E-02  2.781E-02  3.155E-02  3.520E-02  3.968E-02  4.628E-02  5.323E-02  5.837E-02  6.697E-02  7.505E-02  8.453E-02  9.321E-02  1.026E-01  1.137E-01  1.279E-01  1.409E-01  1.527E-01  1.701E-01  1.856E-01  1.990E-01  2.150E-01  2.357E-01  2.518E-01  2.701E-01  2.888E-01  3.041E-01  3.229E-01  3.376E-01  3.571E-01  3.741E-01  3.929E-01  4.107E-01  4.309E-01  4.460E-01  4.674E-01  4.863E-01  5.070E-01  5.205E-01  5.398E-01  5.635E-01  5.817E-01  5.990E-01  6.166E-01  6.349E-01  6.580E-01  6.703E-01  6.884E-01  7.031E-01  7.283E-01  7.411E-01  7.535E-01  7.662E-01  7.781E-01  7.933E-01  8.091E-01  8.103E-01  8.196E-01  8.226E-01  8.283E-01  8.317E-01  8.325E-01  8.312E-01  8.340E-01  8.334E-01  8.221E-01  8.154E-01  8.111E-01  7.926E-01  7.823E-01  7.665E-01  7.588E-01  7.395E-01  7.250E-01  7.070E-01  6.834E-01  6.623E-01  6.468E-01  6.248E-01  6.042E-01  5.799E-01  5.582E-01  5.340E-01  5.143E-01  4.882E-01  4.684E-01  4.440E-01  4.213E-01  3.992E-01  3.801E-01  3.578E-01  3.370E-01  3.197E-01  2.978E-01  2.807E-01  2.633E-01  2.455E-01  2.276E-01  2.132E-01  1.993E-01  1.833E-01  1.715E-01  1.589E-01  1.456E-01  1.327E-01  1.245E-01  1.134E-01  1.033E-01  9.665E-02  8.524E-02  7.757E-02  7.161E-02  6.573E-02  5.829E-02  5.313E-02  4.768E-02  4.482E-02  3.856E-02  3.589E-02  3.123E-02  2.864E-02  2.478E-02  2.323E-02  1.965E-02  1.831E-02  1.664E-02  1.478E-02  1.350E-02  1.164E-02  1.111E-02  9.337E-03  8.028E-03  7.350E-03  6.546E-03  5.946E-03  5.054E-03  4.430E-03  3.712E-03  3.593E-03  3.117E-03  2.653E-03  2.502E-03  2.369E-03  2.032E-03  1.784E-03  1.445E-03  1.343E-03  1.145E-03  1.020E-03  1.014E-03  9.085E-04  5.759E-04  6.219E-04  4.984E-04  4.905E-04  3.463E-04  3.970E-04  2.470E-04  2.173E-04  2.628E-04  1.640E-04  2.110E-04  2.021E-04  1.483E-04  1.117E-04  9.024E-05  1.234E-04  1.063E-04  1.066E-04  5.542E-05  8.337E-05  6.179E-05  4.445E-05  5.475E-05  1.109E-05  2.268E-05  4.917E-05  1.634E-05  1.658E-05  1.623E-05  1.631E-05  1.648E-05  1.097E-05  1.049E-05  1.629E-05  1.102E-05  5.403E-06  1.072E-05  5.257E-06  5.511E-06  5.472E-06  5.532E-06  5.058E-06  0.000E+00  Z
 0.000E+00  0.000E+00  0.000E+00  0.000E+00  0.000E+00  0.000E+00  0.000E+00  0.000E+00  0.000E+00  0.000E+00  0.000E+00  0.000E+00  0.000E+00  0.000E+00  0.000E+00  0.000E+00  0.000E+00  0.000E+00  0.000E+00  1.875E-05  5.380E-05  1.061E-04  1.036E-04  1.011E-04  2.973E-04  3.081E-04  3.652E-04  4.051E-04  6.887E-04  9.318E-04  1.198E-03  1.718E-03  1.921E-03  2.005E-03  2.848E-03  3.252E-03  3.763E-03  5.068E-03  5.795E-03  6.881E-03  7.922E-03  9.426E-03  1.119E-02  1.272E-02  1.534E-02  1.842E-02  2.063E-02  2.454E-02  2.816E-02  3.231E-02  3.628E-02  4.205E-02  4.785E-02  5.351E-02  6.083E-02  6.728E-02  7.683E-02  8.581E-02  9.623E-02  1.060E-01  1.163E-01  1.302E-01  1.421E-01  1.561E-01  1.720E-01  1.883E-01  2.034E-01  2.206E-01  2.351E-01  2.567E-01  2.754E-01  2.911E-01  3.068E-01  3.270E-01  3.472E-01  3.633E-01  3.839E-01  3.999E-01  4.195E-01  4.428E-01  4.586E-01  4.740E-01  4.966E-01  5.174E-01  5.407E-01  5.608E-01  5.790E-01  6.022E-01  6.218E-01  6.445E-01  6.671E-01  6.862E-01  7.099E-01  7.226E-01  7.431E-01  7.719E-01  7.876E-01  8.074E-01  8.242E-01  8.440E-01  8.592E-01  8.705E-01  8.839E-01  8.948E-01  9.082E-01  9.148E-01  9.215E-01  9.250E-01  9.305E-01  9.271E-01  9.297E-01  9.272E-01  9.300E-01  9.200E-01  9.109E-01  9.028E-01  8.889E-01  8.771E-01  8.552E-01  8.388E-01  8.246E-01  7.996E-01  7.828E-01  7.603E-01  7.387E-01  7.123E-01  6.963E-01  6.608E-01  6.415E-01  6.174E-01  5.918E-01  5.658E-01  5.416E-01  5.136E-01  4.916E-01  4.665E-01  4.434E-01  4.257E-01  4.020E-01  3.797E-01  3.590E-01  3.396E-01  3.170E-01  3.011E-01  2.839E-01  2.675E-01  2.471E-01  2.299E-01  2.169E-01  2.008E-01  1.889E-01  1.738E-01  1.614E-01  1.509E-01  1.366E-01  1.285E-01  1.162E-01  1.079E-01  9.866E-02  8.954E-02  8.189E-02  7.514E-02  6.847E-02  6.149E-02  5.586E-02  5.008E-02  4.682E-02  4.147E-02  3.792E-02  3.308E-02  2.979E-02  2.695E-02  2.502E-02  2.239E-02  1.963E-02  1.765E-02  1.556E-02  1.430E-02  1.230E-02  1.089E-02  9.832E-03  8.808E-03  7.675E-03  7.292E-03  6.424E-03  5.521E-03  4.730E-03  4.305E-03  3.683E-03  3.271E-03  2.887E-03  2.830E-03  2.427E-03  2.092E-03  1.639E-03  1.676E-03  1.509E-03  1.251E-03  1.055E-03  9.257E-04  7.660E-04  7.337E-04  5.742E-04  6.539E-04  5.608E-04  4.150E-04  4.577E-04  3.525E-04  2.429E-04  2.374E-04  2.639E-04  2.297E-04  1.577E-04  1.180E-04  1.407E-04  1.123E-04  9.571E-05  6.622E-05  6.044E-05  7.202E-05  3.307E-05  9.408E-05  4.377E-05  3.890E-05  3.870E-05  2.705E-05  4.923E-05  1.625E-05  3.781E-05  5.218E-06  1.099E-05  1.074E-05  2.210E-05  0.000E+00  Z
 0.000E+00  0.000E+00  0.000E+00  0.000E+00  0.000E+00  0.000E+00  0.000E+00  0.000E+00  0.000E+00  0.000E+00  2.503E-05  0.000E+00  0.000E+00  2.219E-05  0.000E+00  0.000E+00  0.000E+00  0.000E+00  0.000E+00  9.278E-05  5.382E-05  1.415E-04  5.195E-05  1.689E-04  3.631E-04  3.229E-04  4.620E-04  6.685E-04  7.495E-04  1.007E-03  1.285E-03  1.426E-03  1.803E-03  2.465E-03  2.739E-03  3.220E-03  3.758E-03  4.792E-03  5.312E-03  6.980E-03  7.480E-03  9.042E-03  1.125E-02  1.348E-02  1.496E-02  1.750E-02  2.156E-02  2.373E-02  2.791E-02  3.171E-02  3.691E-02  4.103E-02  4.684E-02  5.336E-02  5.897E-02  6.804E-02  7.840E-02  8.638E-02  9.643E-02  1.046E-01  1.167E-01  1.295E-01  1.438E-01  1.580E-01  1.737E-01  1.895E-01  2.043E-01  2.206E-01  2.399E-01  2.554E-01  2.773E-01  2.937E-01  3.116E-01  3.304E-01  3.492E-01  3.662E-01  3.897E-01  4.072E-01  4.265E-01  4.483E-01  4.686E-01  4.933E-01  5.108E-01  5.396E-01  5.588E-01  5.802E-01  6.077E-01  6.248E-01  6.509E-01  6.726E-01  7.028E-01  7.218E-01  7.462E-01  7.746E-01  7.955E-01  8.181E-01  8.449E-01  8.622E-01  8.890E-01  9.067E-01  9.298E-01  9.449E-01  9.608E-01  9.793E-01  9.961E-01  1.006E+00  1.018E+00  1.032E+00  1.036E+00  1.047E+00  1.047E+00  1.053E+00  1.050E+00  1.047E+00  1.040E+00  1.039E+00  1.025E+00  1.011E+00  1.002E+00  9.903E-01  9.684E-01  9.471E-01  9.312E-01  9.144E-01  8.908E-01  8.662E-01  8.374E-01  8.138E-01  7.842E-01  7.604E-01  7.371E-01  7.106E-01  6.798E-01  6.513E-01  6.225E-01  6.013E-01  5.694E-01  5.464E-01  5.207E-01  4.919E-01  4.704E-01  4.441E-01  4.212E-01  3.957E-01  3.749E-01  3.571E-01  3.355E-01  3.131E-01  2.977E-01  2.783E-01  2.622E-01  2.460E-01  2.286E-01  2.149E-01  1.989E-01  1.856E-01  1.730E-01  1.585E-01  1.484E-01  1.376E-01  1.251E-01  1.176E-01  1.073E-01  9.834E-02  8.947E-02  8.249E-02  7.409E-02  6.776E-02  6.133E-02  5.633E-02  5.133E-02  4.562E-02  4.250E-02  3.776E-02  3.389E-02  3.042E-02  2.766E-02  2.380E-02  2.254E-02  1.996E-02  1.756E-02  1.576E-02  1.388E-02  1.240E-02  1.088E-02  9.746E-03  9.074E-03  7.816E-03  6.681E-03  5.901E-03  5.297E-03  4.838E-03  4.475E-03  4.019E-03  3.400E-03  2.937E-03  2.490E-03  2.482E-03  2.040E-03  1.736E-03  1.640E-03  1.229E-03  1.219E-03  9.922E-04  1.016E-03  8.221E-04  7.866E-04  4.932E-04  6.024E-04  4.691E-04  4.900E-04  3.660E-04  3.145E-04  2.858E-04  2.246E-04  2.188E-04  1.613E-04  1.563E-04  1.650E-04  1.665E-04  8.371E-05  8.196E-05  9.331E-05  8.116E-05  8.248E-05  3.277E-05  6.545E-05  4.356E-05  5.358E-05  2.727E-05  3.743E-05  2.144E-05  1.637E-05  1.104E-05  1.639E-05  1.039E-05  1.061E-05  5.334E-06  0.000E+00  Z
 0.000E+00  0.000E+00  0.000E+00  0.000E+00  0.000E+00  0.000E+00  0.000E+00  0.000E+00  0.000E+00  0.000E+00  0.000E+00  0.000E+00  0.000E+00  0.000E+00  0.000E+00  0.000E+00  2.026E-05  0.000E+00  5.720E-05  1.874E-05  1.081E-04  3.491E-05  1.377E-04  1.694E-04  1.986E-04  2.265E-04  5.240E-04  6.400E-04  6.892E-04  9.464E-04  1.066E-03  1.443E-03  1.718E-03  2.187E-03  2.535E-03  3.221E-03  4.100E-03  4.474E-03  5.597E-03  6.999E-03  7.554E-03  9.372E-03  1.183E-02  1.428E-02  1.502E-02  1.759E-02  1.999E-02  2.347E-02  2.727E-02  3.144E-02  3.488E-02  4.142E-02  4.646E-02  5.178E-02  5.913E-02  6.759E-02  7.532E-02  8.531E-02  9.389E-02  1.059E-01  1.164E-01  1.283E-01  1.414E-01  1.563E-01  1.691E-01  1.859E-01  2.023E-01  2.188E-01  2.383E-01  2.546E-01  2.745E-01  2.928E-01  3.098E-01  3.324E-01  3.480E-01  3.675E-01  3.864E-01  4.073E-01  4.290E-01  4.551E-01  4.738E-01  4.979E-01  5.239E-01  5.467E-01  5.677E-01  5.904E-01  6.169E-01  6.429E-01  6.703E-01  6.914E-01  7.256E-01  7.402E-01  7.769E-01  7.961E-01  8.252E-01  8.485E-01  8.726E-01  9.003E-01  9.272E-01  9.453E-01  9.707E-01  9.867E-01  1.012E+00  1.035E+00  1.047E+00  1.071E+00  1.079E+00  1.095E+00  1.109E+00  1.113E+00  1.124E+00  1.125E+00  1.129E+00  1.126E+00  1.131E+00  1.131E+00  1.120E+00  1.105E+00  1.102E+00  1.091E+00  1.072E+00  1.062E+00  1.036E+00  1.016E+00  9.936E-01  9.698E-01  9.449E-01  9.204E-01  8.998E-01  8.758E-01  8.473E-01  8.175E-01  7.880E-01  7.610E-01  7.338E-01  7.038E-01  6.738E-01  6.472E-01  6.184E-01  5.892E-01  5.639E-01  5.408E-01  5.114E-01  4.868E-01  4.595E-01  4.326E-01  4.118E-01  3.918E-01  3.683E-01  3.473E-01  3.281E-01  3.075E-01  2.892E-01  2.712E-01  2.529E-01  2.356E-01  2.217E-01  2.074E-01  1.925E-01  1.760E-01  1.660E-01  1.557E-01  1.415E-01  1.308E-01  1.221E-01  1.101E-01  1.031E-01  9.377E-02  8.442E-02  7.818E-02  7.217E-02  6.421E-02  5.931E-02  5.428E-02  4.878E-02  4.389E-02  3.997E-02  3.591E-02  3.213E-02  2.859E-02  2.571E-02  2.302E-02  2.061E-02  1.833E-02  1.642E-02  1.458E-02  1.330E-02  1.161E-02  1.026E-02  9.542E-03  8.479E-03  7.195E-03  6.453E-03  5.833E-03  5.098E-03  4.501E-03  4.034E-03  3.331E-03  2.983E-03  2.575E-03  2.363E-03  2.099E-03  1.892E-03  1.527E-03  1.242E-03  1.258E-03  9.731E-04  9.210E-04  8.894E-04  8.133E-04  6.436E-04  5.295E-04  5.388E-04  3.976E-04  4.516E-04  3.436E-04  2.939E-04  2.988E-04  1.723E-04  1.771E-04  1.479E-04  1.160E-04  1.332E-04  6.533E-05  9.812E-05  5.413E-05  9.168E-05  8.135E-05  5.379E-05  7.561E-05  2.137E-05  2.703E-05  1.632E-05  3.251E-05  2.675E-05  1.605E-05  2.087E-05  2.080E-05  1.092E-05  2.628E-05  0.000E+00  Z
 0.000E+00  0.000E+00  0.000E+00  0.000E+00  0.000E+00  0.000E+00  0.000E+00  0.000E+00  0.000E+00  0.000E+00  0.000E+00  0.000E+00  0.000E+00  0.000E+00  0.000E+00  0.000E+00  0.000E+00  1.936E-05  5.669E-05  1.867E-05  1.796E-05  7.042E-05  1.032E-04  1.345E-04  8.242E-05  3.076E-04  3.643E-04  4.519E-04  5.354E-04  9.329E-04  1.081E-03  1.238E-03  1.405E-03  1.851E-03  2.490E-03  2.854E-03  3.609E-03  4.298E-03  5.762E-03  6.669E-03  7.395E-03  9.626E-03  1.068E-02  1.236E-02  1.510E-02  1.758E-02  1.960E-02  2.253E-02  2.658E-02  3.029E-02  3.440E-02  3.906E-02  4.533E-02  5.095E-02  5.796E-02  6.430E-02  7.401E-02  8.208E-02  9.144E-02  1.026E-01  1.104E-01  1.245E-01  1.390E-01  1.523E-01  1.690E-01  1.842E-01  2.023E-01  2.202E-01  2.362E-01  2.553E-01  2.751E-01  2.913E-01  3.070E-01  3.303E-01  3.477E-01  3.689E-01  3.962E-01  4.148E-01  4.353E-01  4.597E-01  4.784E-01  5.092E-01  5.313E-01  5.536E-01  5.849E-01  6.051E-01  6.300E-01  6.627E-01  6.862E-01  7.123E-01  7.464E-01  7.749E-01  7.994E-01  8.271E-01  8.539E-01  8.862E-01  9.151E-01  9.409E-01  9.733E-01  9.983E-01  1.024E+00  1.051E+00  1.072E+00  1.098E+00  1.123E+00  1.139E+00  1.167E+00  1.178E+00  1.191E+00  1.213E+00  1.224E+00  1.232E+00  1.238E+00  1.248E+00  1.252E+00  1.250E+00  1.247E+00  1.242E+00  1.236E+00  1.229E+00  1.224E+00  1.206E+00  1.186E+00  1.177E+00  1.154E+00  1.132E+00  1.115E+00  1.088E+00  1.059E+00  1.034E+00  1.011E+00  9.859E-01  9.602E-01  9.304E-01  8.991E-01  8.727E-01  8.370E-01  8.146E-01  7.798E-01  7.530E-01  7.216E-01  6.919E-01  6.619E-01  6.327E-01  6.013E-01  5.761E-01  5.488E-01  5.192E-01  4.948E-01  4.679E-01  4.418E-01  4.224E-01  3.964E-01  3.739E-01  3.500E-01  3.279E-01  3.073E-01  2.889E-01  2.717E-01  2.532E-01  2.406E-01  2.218E-01  2.079E-01  1.938E-01  1.781E-01  1.644E-01  1.529E-01  1.432E-01  1.319E-01  1.215E-01  1.122E-01  1.031E-01  9.397E-02  8.529E-02  7.754E-02  7.102E-02  6.549E-02  5.802E-02  5.400E-02  4.861E-02  4.336E-02  3.888E-02  3.574E-02  3.138E-02  2.792E-02  2.528E-02  2.295E-02  2.064E-02  1.829E-02  1.629E-02  1.418E-02  1.288E-02  1.120E-02  9.776E-03  8.768E-03  8.256E-03  6.742E-03  5.985E-03  5.535E-03  5.029E-03  4.180E-03  3.785E-03  3.371E-03  2.725E-03  2.455E-03  2.204E-03  2.007E-03  1.696E-03  1.516E-03  1.494E-03  1.140E-03  9.375E-04  9.411E-04  7.861E-04  6.418E-04  5.996E-04  4.977E-04  4.888E-04  3.882E-04  3.810E-04  3.194E-04  3.411E-04  1.940E-04  2.403E-04  2.347E-04  1.529E-04  1.254E-04  8.651E-05  7.084E-05  9.701E-05  7.577E-05  1.068E-04  4.829E-05  6.489E-05  2.653E-05  2.671E-05  2.151E-05  4.200E-05  3.219E-05  2.653E-05  1.599E-05  5.451E-06  2.120E-05  1.065E-05  1.072E-05  2.552E-05  5.248E-06  2.111E-05  3.173E-05  Z
 0.000E+00  0.000E+00  0.000E+00  0.000E+00  0.000E+00  0.000E+00  0.000E+00  0.000E+00  0.000E+00  0.000E+00  0.000E+00  0.000E+00  0.000E+00  0.000E+00  0.000E+00  2.065E-05  4.023E-05  1.953E-05  0.000E+00  7.363E-05  1.804E-05  1.057E-04  5.146E-05  2.026E-04  1.646E-04  3.560E-04  3.807E-04  5.460E-04  4.747E-04  8.408E-04  1.245E-03  1.121E-03  1.550E-03  2.230E-03  2.279E-03  2.907E-03  3.465E-03  4.519E-03  5.053E-03  6.135E-03  7.127E-03  8.974E-03  1.041E-02  1.262E-02  1.403E-02  1.665E-02  1.911E-02  2.225E-02  2.480E-02  3.037E-02  3.479E-02  3.936E-02  4.439E-02  5.010E-02  5.710E-02  6.420E-02  7.336E-02  8.283E-02  8.989E-02  1.007E-01  1.103E-01  1.243E-01  1.360E-01  1.522E-01  1.669E-01  1.822E-01  1.982E-01  2.168E-01  2.333E-01  2.550E-01  2.730E-01  2.941E-01  3.124E-01  3.273E-01  3.520E-01  3.718E-01  3.953E-01  4.130E-01  4.385E-01  4.625E-01  4.816E-01  5.103E-01  5.312E-01  5.596E-01  5.867E-01  6.126E-01  6.408E-01  6.683E-01  6.957E-01  7.229E-01  7.553E-01  7.885E-01  8.216E-01  8.455E-01  8.798E-01  9.064E-01  9.408E-01  9.695E-01  9.943E-01  1.023E+00  1.057E+00  1.089E+00  1.112E+00  1.142E+00  1.159E+00  1.193E+00  1.213E+00  1.229E+00  1.251E+00  1.273E+00  1.283E+00  1.304E+00  1.312E+00  1.316E+00  1.330E+00  1.329E+00  1.331E+00  1.332E+00  1.331E+00  1.327E+00  1.315E+00  1.305E+00  1.297E+00  1.281E+00  1.265E+00  1.242E+00  1.232E+00  1.209E+00  1.188E+00  1.161E+00  1.139E+00  1.120E+00  1.088E+00  1.057E+00  1.033E+00  9.990E-01  9.724E-01  9.426E-01  9.131E-01  8.812E-01  8.493E-01  8.181E-01  7.826E-01  7.562E-01  7.249E-01  6.947E-01  6.627E-01  6.333E-01  6.017E-01  5.765E-01  5.453E-01  5.216E-01  4.901E-01  4.639E-01  4.403E-01  4.178E-01  3.901E-01  3.670E-01  3.478E-01  3.235E-01  3.029E-01  2.832E-01  2.649E-01  2.448E-01  2.313E-01  2.146E-01  2.008E-01  1.865E-01  1.753E-01  1.582E-01  1.473E-01  1.385E-01  1.257E-01  1.170E-01  1.071E-01  9.701E-02  8.937E-02  8.240E-02  7.440E-02  6.792E-02  6.056E-02  5.517E-02  4.948E-02  4.535E-02  4.131E-02  3.703E-02  3.270E-02  3.007E-02  2.642E-02  2.326E-02  2.152E-02  1.895E-02  1.643E-02  1.509E-02  1.407E-02  1.225E-02  1.064E-02  9.010E-03  8.464E-03  7.211E-03  6.450E-03  5.757E-03  4.762E-03  4.495E-03  3.926E-03  3.334E-03  3.119E-03  2.699E-03  2.289E-03  2.202E-03  1.724E-03  1.795E-03  1.339E-03  1.271E-03  1.194E-03  9.334E-04  8.400E-04  6.516E-04  5.773E-04  4.881E-04  4.239E-04  5.297E-04  3.941E-04  3.614E-04  2.014E-04  2.833E-04  2.009E-04  1.959E-04  1.725E-04  1.518E-04  1.187E-04  5.959E-05  8.569E-05  7.544E-05  5.894E-05  6.374E-05  3.769E-05  3.186E-05  5.277E-05  3.168E-05  1.595E-05  3.151E-05  2.093E-05  5.354E-06  1.001E-05  5.160E-06  5.129E-06  4.953E-06  4.690E-05  Z
 0.000E+00  0.000E+00  0.000E+00  0.000E+00  0.000E+00  0.000E+00  0.000E+00  0.000E+00  0.000E+00  0.000E+00  0.000E+00  0.000E+00  0.000E+00  0.000E+00  2.166E-05  0.000E+00  0.000E+00  3.930E-05  3.789E-05  5.512E-05  9.041E-05  7.070E-05  1.203E-04  2.518E-04  1.480E-04  2.736E-04  3.957E-04  4.827E-04  5.650E-04  6.311E-04  1.005E-03  1.062E-03  1.635E-03  1.821E-03  2.338E-03  2.948E-03  3.193E-03  4.164E-03  5.106E-03  6.321E-03  6.934E-03  8.821E-03  9.690E-03  1.221E-02  1.428E-02  1.620E-02  1.846E-02  2.173E-02  2.537E-02  2.920E-02  3.299E-02  3.747E-02  4.165E-02  4.926E-02  5.644E-02  6.147E-02  7.075E-02  8.135E-02  8.793E-02  9.894E-02  1.098E-01  1.221E-01  1.344E-01  1.488E-01  1.630E-01  1.808E-01  1.941E-01  2.154E-01  2.325E-01  2.481E-01  2.708E-01  2.889E-01  3.085E-01  3.251E-01  3.494E-01  3.699E-01  3.913E-01  4.169E-01  4.381E-01  4.610E-01  4.873E-01  5.116E-01  5.359E-01  5.663E-01  5.905E-01  6.174E-01  6.490E-01  6.794E-01  7.091E-01  7.370E-01  7.682E-01  8.009E-01  8.367E-01  8.677E-01  8.997E-01  9.295E-01  9.665E-01  9.910E-01  1.030E+00  1.070E+00  1.103E+00  1.124E+00  1.161E+00  1.194E+00  1.216E+00  1.250E+00  1.274E+00  1.294E+00  1.318E+00  1.342E+00  1.361E+00  1.385E+00  1.399E+00  1.415E+00  1.422E+00  1.436E+00  1.446E+00  1.443E+00  1.449E+00  1.446E+00  1.450E+00  1.442E+00  1.430E+00  1.425E+00  1.410E+00  1.400E+00  1.385E+00  1.365E+00  1.351E+00  1.336E+00  1.315E+00  1.289E+00  1.265E+00  1.241E+00  1.213E+00  1.185E+00  1.162E+00  1.130E+00  1.102E+00  1.069E+00  1.045E+00  1.009E+00  9.782E-01  9.497E-01  9.152E-01  8.813E-01  8.564E-01  8.202E-01  7.844E-01  7.483E-01  7.196E-01  6.885E-01  6.519E-01  6.226E-01  5.925E-01  5.641E-01  5.310E-01  5.020E-01  4.783E-01  4.506E-01  4.250E-01  3.981E-01  3.779E-01  3.528E-01  3.297E-01  3.070E-01  2.862E-01  2.677E-01  2.521E-01  2.332E-01  2.156E-01  2.006E-01  1.861E-01  1.741E-01  1.616E-01  1.479E-01  1.379E-01  1.252E-01  1.162E-01  1.056E-01  9.786E-02  8.920E-02  8.003E-02  7.294E-02  6.683E-02  5.996E-02  5.494E-02  4.968E-02  4.395E-02  4.058E-02  3.618E-02  3.212E-02  2.901E-02  2.632E-02  2.285E-02  2.103E-02  1.801E-02  1.652E-02  1.488E-02  1.216E-02  1.157E-02  9.824E-03  9.576E-03  7.743E-03  7.285E-03  6.166E-03  5.183E-03  4.865E-03  4.036E-03  3.767E-03  3.207E-03  2.874E-03  2.465E-03  2.057E-03  1.691E-03  1.765E-03  1.488E-03  1.232E-03  1.181E-03  9.302E-04  7.222E-04  7.546E-04  6.794E-04  6.280E-04  6.394E-04  3.757E-04  3.817E-04  3.901E-04  4.055E-04  1.927E-04  2.416E-04  1.878E-04  1.389E-04  1.119E-04  2.076E-04  8.991E-05  1.131E-04  9.492E-05  6.845E-05  6.735E-05  8.890E-05  2.112E-05  6.316E-05  6.312E-05  5.232E-05  2.097E-05  1.050E-05  1.024E-05  9.257E-05  Z
 0.000E+00  0.000E+00  0.000E+00  0.000E+00  0.000E+00  0.000E+00  0.000E+00  0.000E+00  0.000E+00  0.000E+00  0.000E+00  0.000E+00  0.000E+00  0.000E+00  0.000E+00  0.000E+00  1.994E-05  0.000E+00  3.804E-05  3.692E-05  1.797E-05  8.849E-05  1.201E-04  1.179E-04  2.147E-04  3.712E-04  3.646E-04  4.350E-04  5.045E-04  7.060E-04  8.267E-04  1.194E-03  1.618E-03  1.863E-03  2.615E-03  2.454E-03  3.448E-03  4.044E-03  4.895E-03  5.434E-03  6.506E-03  8.415E-03  9.506E-03  1.083E-02  1.300E-02  1.533E-02  1.844E-02  1.995E-02  2.471E-02  2.759E-02  3.038E-02  3.582E-02  3.952E-02  4.779E-02  5.459E-02  6.021E-02  6.655E-02  7.624E-02  8.434E-02  9.710E-02  1.069E-01  1.176E-01  1.321E-01  1.463E-01  1.611E-01  1.740E-01  1.926E-01  2.083E-01  2.255E-01  2.466E-01  2.626E-01  2.831E-01  3.029E-01  3.274E-01  3.496E-01  3.680E-01  3.931E-01  4.140E-01  4.372E-01  4.644E-01  4.892E-01  5.129E-01  5.403E-01  5.668E-01  5.983E-01  6.279E-01  6.550E-01  6.858E-01  7.172E-01  7.516E-01  7.860E-01  8.184E-01  8.504E-01  8.895E-01  9.227E-01  9.578E-01  9.921E-01  1.032E+00  1.068E+00  1.101E+00  1.141E+00  1.170E+00  1.212E+00  1.249E+00  1.275E+00  1.309E+00  1.338E+00  1.368E+00  1.397E+00  1.431E+00  1.454E+00  1.474E+00  1.499E+00  1.514E+00  1.542E+00  1.556E+00  1.570E+00  1.569E+00  1.583E+00  1.587E+00  1.594E+00  1.597E+00  1.603E+00  1.590E+00  1.589E+00  1.584E+00  1.572E+00  1.566E+00  1.550E+00  1.544E+00  1.527E+00  1.509E+00  1.492E+00  1.476E+00  1.451E+00  1.435E+00  1.408E+00  1.388E+00  1.359E+00  1.331E+00  1.305E+00  1.275E+00  1.249E+00  1.218E+00  1.186E+00  1.153E+00  1.120E+00  1.092E+00  1.054E+00  1.016E+00  9.818E-01  9.424E-01  9.170E-01  8.764E-01  8.398E-01  8.001E-01  7.688E-01  7.335E-01  7.027E-01  6.603E-01  6.273E-01  5.979E-01  5.635E-01  5.330E-01  5.038E-01  4.718E-01  4.445E-01  4.192E-01  3.897E-01  3.659E-01  3.424E-01  3.204E-01  2.993E-01  2.790E-01  2.577E-01  2.378E-01  2.251E-01  2.056E-01  1.904E-01  1.765E-01  1.633E-01  1.503E-01  1.407E-01  1.290E-01  1.175E-01  1.063E-01  9.879E-02  9.049E-02  8.290E-02  7.354E-02  6.694E-02  6.007E-02  5.555E-02  4.947E-02  4.535E-02  3.996E-02  3.629E-02  3.142E-02  2.817E-02  2.581E-02  2.287E-02  2.044E-02  1.683E-02  1.631E-02  1.401E-02  1.282E-02  1.104E-02  1.040E-02  8.881E-03  8.076E-03  6.730E-03  5.924E-03  5.091E-03  4.473E-03  3.919E-03  3.624E-03  3.105E-03  2.733E-03  2.357E-03  1.979E-03  1.771E-03  1.610E-03  1.306E-03  1.275E-03  1.121E-03  9.254E-04  7.958E-04  8.237E-04  5.299E-04  5.010E-04  5.383E-04  4.298E-04  3.554E-04  3.209E-04  2.471E-04  2.065E-04  1.905E-04  1.693E-04  2.070E-04  1.630E-04  8.467E-05  1.333E-04  8.948E-05  8.942E-05  9.386E-05  6.786E-05  7.786E-05  3.225E-05  2.369E-04  Z
 nu_e
 Z
 Z
 Z
 Z
 Z
 Z
 Z
 Z
 Z
 Z
 Z
 Z
 Z
 Z
 Z
 Z
 Z
 Z
 Z
 Z
 Z
 Z
 Z
 Z
 Z
 0.000E+00  0.000E+00  0.000E+00  0.000E+00  0.000E+00  0.000E+00  0.000E+00  0.000E+00  0.000E+00  0.000E+00  0.000E+00  0.000E+00  0.000E+00  0.000E+00  0.000E+00  0.000E+00  0.000E+00  0.000E+00  0.000E+00  0.000E+00  0.000E+00  0.000E+00  0.000E+00  0.000E+00  0.000E+00  6.410E-04  8.133E-03  1.958E-02  3.111E-02  4.286E-02  5.566E-02  6.722E-02  7.499E-02  8.697E-02  9.626E-02  1.049E-01  1.126E-01  1.134E-01  1.118E-01  1.078E-01  1.060E-01  1.045E-01  1.040E-01  1.024E-01  9.995E-02  9.881E-02  9.854E-02  9.658E-02  9.778E-02  1.002E-01  1.007E-01  1.007E-01  1.048E-01  1.073E-01  1.112E-01  1.154E-01  1.170E-01  1.247E-01  1.292E-01  1.332E-01  1.418E-01  1.466E-01  1.520E-01  1.567E-01  1.618E-01  1.698E-01  1.757E-01  1.815E-01  1.907E-01  2.043E-01  2.145E-01  2.350E-01  2.513E-01  2.697E-01  2.912E-01  3.175E-01  3.430E-01  3.728E-01  4.056E-01  4.374E-01  4.788E-01  5.181E-01  5.676E-01  6.166E-01  6.629E-01  7.224E-01  7.855E-01  8.501E-01  9.197E-01  9.973E-01  1.079E+00  1.167E+00  1.262E+00  1.370E+00  1.466E+00  1.580E+00  1.691E+00  1.820E+00  1.948E+00  2.075E+00  2.214E+00  2.358E+00  2.495E+00  2.644E+00  2.796E+00  2.956E+00  3.120E+00  3.291E+00  3.442E+00  3.620E+00  3.797E+00  3.961E+00  4.127E+00  4.305E+00  4.476E+00  4.660E+00  4.815E+00  4.993E+00  5.150E+00  5.315E+00  5.489E+00  5.630E+00  5.773E+00  5.915E+00  6.059E+00  6.184E+00  6.302E+00  6.410E+00  6.506E+00  6.611E+00  6.678E+00  6.748E+00  6.827E+00  6.857E+00  6.887E+00  6.907E+00  6.899E+00  6.892E+00  6.869E+00  6.818E+00  6.762E+00  6.696E+00  6.602E+00  6.514E+00  6.394E+00  6.270E+00  6.123E+00  5.974E+00  5.820E+00  5.661E+00  5.470E+00  5.281E+00  5.083E+00  4.904E+00  4.696E+00  4.486E+00  4.285E+00  4.070E+00  3.867E+00  3.662E+00  3.456E+00  3.247E+00  3.049E+00  2.862E+00  2.675E+00  2.492E+00  2.322E+00  2.152E+00  1.990E+00  1.842E+00  1.700E+00  1.573E+00  1.440E+00  1.322E+00  1.219E+00  1.118E+00  1.024E+00  9.346E-01  8.618E-01  7.944E-01  7.361E-01  6.789E-01  6.302E-01  5.882E-01  5.493E-01  5.165E-01  4.863E-01  4.660E-01  4.466E-01  4.344E-01  4.210E-01  4.160E-01  4.082E-01  4.061E-01  4.081E-01  4.045E-01  4.115E-01  4.111E-01  4.166E-01  4.221E-01  4.253E-01  4.255E-01  4.298E-01  4.285E-01  4.275E-01  4.260E-01  4.166E-01  4.110E-01  4.006E-01  3.902E-01  3.744E-01  3.594E-01  3.401E-01  3.206E-01  2.980E-01  2.763E-01  2.540E-01  2.306E-01  2.104E-01  1.892E-01  1.686E-01  1.493E-01  1.316E-01  1.139E-01  9.978E-02  8.756E-02  7.497E-02  6.310E-02  5.356E-02  4.513E-02  3.863E-02  3.214E-02  2.660E-02  2.179E-02  1.852E-02  1.557E-02  1.241E-02  1.065E-02  7.908E-03  6.357E-03  5.262E-03  4.345E-03  3.438E-03  2.578E-03  2.284E-03  1.795E-03  1.396E-03  1.016E-03  2.796E-03  Z
 0.000E+00  0.000E+00  0.000E+00  0.000E+00  0.000E+00  0.000E+00  0.000E+00  0.000E+00  0.000E+00  0.000E+00  0.000E+00  0.000E+00  0.000E+00  0.000E+00  0.000E+00  0.000E+00  0.000E+00  8.357E-04  4.669E-03  8.797E-03  1.341E-02  1.712E-02  2.312E-02  2.823E-02  3.188E-02  3.698E-02  4.121E-02  4.513E-02  4.779E-02  5.336E-02  5.375E-02  5.875E-02  6.113E-02  6.642E-02  6.727E-02  7.054E-02  7.232E-02  7.467E-02  7.761E-02  7.937E-02  8.327E-02  8.703E-02  8.906E-02  9.096E-02  9.359E-02  9.657E-02  9.868E-02  1.019E-01  1.074E-01  1.076E-01  1.094E-01  1.117E-01  1.104E-01  1.133E-01  1.176E-01  1.178E-01  1.241E-01  1.287E-01  1.309E-01  1.336E-01  1.390E-01  1.387E-01  1.497E-01  1.544E-01  1.627E-01  1.715E-01  1.773E-01  1.906E-01  2.058E-01  2.165E-01  2.312E-01  2.465E-01  2.643E-01  2.814E-01  3.044E-01  3.303E-01  3.525E-01  3.848E-01  4.172E-01  4.499E-01  4.863E-01  5.279E-01  5.689E-01  6.193E-01  6.767E-01  7.309E-01  7.934E-01  8.639E-01  9.244E-01  1.002E+00  1.077E+00  1.169E+00  1.252E+00  1.354E+00  1.451E+00  1.565E+00  1.670E+00  1.788E+00  1.905E+00  2.029E+00  2.157E+00  2.298E+00  2.438E+00  2.588E+00  2.730E+00  2.887E+00  3.042E+00  3.193E+00  3.363E+00  3.523E+00  3.685E+00  3.856E+00  4.013E+00  4.184E+00  4.359E+00  4.532E+00  4.695E+00  4.871E+00  5.021E+00  5.183E+00  5.342E+00  5.513E+00  5.658E+00  5.797E+00  5.925E+00  6.070E+00  6.204E+00  6.316E+00  6.420E+00  6.523E+00  6.607E+00  6.694E+00  6.772E+00  6.816E+00  6.868E+00  6.912E+00  6.919E+00  6.920E+00  6.926E+00  6.902E+00  6.858E+00  6.820E+00  6.740E+00  6.674E+00  6.571E+00  6.464E+00  6.345E+00  6.202E+00  6.067E+00  5.903E+00  5.749E+00  5.560E+00  5.378E+00  5.195E+00  4.998E+00  4.803E+00  4.596E+00  4.389E+00  4.169E+00  3.963E+00  3.759E+00  3.557E+00  3.358E+00  3.150E+00  2.965E+00  2.769E+00  2.585E+00  2.411E+00  2.243E+00  2.085E+00  1.923E+00  1.783E+00  1.647E+00  1.520E+00  1.394E+00  1.287E+00  1.175E+00  1.083E+00  9.927E-01  9.128E-01  8.434E-01  7.692E-01  7.203E-01  6.629E-01  6.216E-01  5.794E-01  5.470E-01  5.181E-01  4.919E-01  4.728E-01  4.532E-01  4.421E-01  4.293E-01  4.264E-01  4.207E-01  4.161E-01  4.169E-01  4.200E-01  4.210E-01  4.228E-01  4.256E-01  4.297E-01  4.310E-01  4.325E-01  4.302E-01  4.299E-01  4.272E-01  4.224E-01  4.154E-01  4.056E-01  3.942E-01  3.823E-01  3.598E-01  3.436E-01  3.267E-01  3.050E-01  2.832E-01  2.610E-01  2.385E-01  2.173E-01  1.965E-01  1.758E-01  1.559E-01  1.366E-01  1.204E-01  1.060E-01  9.126E-02  7.889E-02  6.714E-02  5.761E-02  4.926E-02  4.133E-02  3.493E-02  2.880E-02  2.451E-02  1.975E-02  1.653E-02  1.389E-02  1.082E-02  8.728E-03  7.535E-03  6.101E-03  4.715E-03  3.989E-03  3.207E-03  2.772E-03  2.170E-03  1.622E-03  4.096E-03  Z
 0.000E+00  0.000E+00  0.000E+00  0.000E+00  0.000E+00  0.000E+00  0.000E+00  0.000E+00  0.000E+00  0.000E+00  0.000E+00  3.838E-04  2.007E-03  4.578E-03  8.429E-03  1.079E-02  1.325E-02  1.625E-02  1.877E-02  2.457E-02  2.580E-02  2.833E-02  3.268E-02  3.501E-02  3.757E-02  4.048E-02  4.380E-02  4.546E-02  4.795E-02  5.151E-02  5.320E-02  5.372E-02  5.706E-02  6.033E-02  6.194E-02  6.293E-02  6.433E-02  6.616E-02  6.785E-02  7.160E-02  7.358E-02  7.487E-02  7.715E-02  8.047E-02  8.204E-02  8.490E-02  8.807E-02  8.943E-02  9.292E-02  9.624E-02  9.953E-02  1.023E-01  1.066E-01  1.119E-01  1.137E-01  1.189E-01  1.220E-01  1.279E-01  1.304E-01  1.367E-01  1.427E-01  1.479E-01  1.556E-01  1.589E-01  1.680E-01  1.774E-01  1.877E-01  1.978E-01  2.089E-01  2.217E-01  2.373E-01  2.548E-01  2.738E-01  2.958E-01  3.160E-01  3.399E-01  3.657E-01  3.930E-01  4.226E-01  4.613E-01  4.963E-01  5.380E-01  5.808E-01  6.290E-01  6.793E-01  7.331E-01  7.952E-01  8.571E-01  9.260E-01  9.972E-01  1.074E+00  1.155E+00  1.242E+00  1.336E+00  1.428E+00  1.531E+00  1.639E+00  1.748E+00  1.865E+00  1.984E+00  2.112E+00  2.247E+00  2.371E+00  2.514E+00  2.648E+00  2.792E+00  2.949E+00  3.098E+00  3.256E+00  3.413E+00  3.566E+00  3.738E+00  3.894E+00  4.063E+00  4.237E+00  4.394E+00  4.555E+00  4.721E+00  4.901E+00  5.056E+00  5.214E+00  5.376E+00  5.534E+00  5.676E+00  5.827E+00  5.963E+00  6.109E+00  6.239E+00  6.357E+00  6.471E+00  6.591E+00  6.677E+00  6.781E+00  6.843E+00  6.918E+00  6.983E+00  7.036E+00  7.065E+00  7.089E+00  7.102E+00  7.091E+00  7.069E+00  7.050E+00  7.014E+00  6.940E+00  6.851E+00  6.767E+00  6.670E+00  6.548E+00  6.428E+00  6.275E+00  6.138E+00  5.967E+00  5.795E+00  5.605E+00  5.418E+00  5.210E+00  5.018E+00  4.806E+00  4.602E+00  4.388E+00  4.184E+00  3.972E+00  3.759E+00  3.547E+00  3.342E+00  3.144E+00  2.949E+00  2.753E+00  2.568E+00  2.396E+00  2.229E+00  2.072E+00  1.918E+00  1.769E+00  1.633E+00  1.510E+00  1.391E+00  1.283E+00  1.181E+00  1.084E+00  9.997E-01  9.231E-01  8.508E-01  7.895E-01  7.303E-01  6.852E-01  6.407E-01  5.952E-01  5.720E-01  5.393E-01  5.190E-01  4.976E-01  4.837E-01  4.703E-01  4.597E-01  4.578E-01  4.511E-01  4.458E-01  4.461E-01  4.447E-01  4.475E-01  4.446E-01  4.475E-01  4.490E-01  4.450E-01  4.474E-01  4.436E-01  4.384E-01  4.371E-01  4.268E-01  4.172E-01  4.054E-01  3.932E-01  3.770E-01  3.598E-01  3.372E-01  3.145E-01  2.962E-01  2.741E-01  2.504E-01  2.305E-01  2.074E-01  1.875E-01  1.664E-01  1.469E-01  1.293E-01  1.136E-01  9.963E-02  8.402E-02  7.209E-02  6.347E-02  5.339E-02  4.514E-02  3.758E-02  3.227E-02  2.669E-02  2.285E-02  1.831E-02  1.582E-02  1.203E-02  1.060E-02  8.608E-03  6.776E-03  5.608E-03  4.417E-03  3.504E-03  2.632E-03  8.418E-03  Z
 0.000E+00  0.000E+00  0.000E+00  0.000E+00  0.000E+00  0.000E+00  3.184E-05  5.063E-04  1.736E-03  2.676E-03  5.371E-03  7.371E-03  8.844E-03  1.210E-02  1.471E-02  1.648E-02  1.990E-02  2.172E-02  2.438E-02  2.705E-02  2.957E-02  3.058E-02  3.274E-02  3.724E-02  3.891E-02  4.080E-02  4.269E-02  4.461E-02  4.647E-02  4.778E-02  5.038E-02  5.304E-02  5.427E-02  5.565E-02  5.789E-02  6.044E-02  6.165E-02  6.254E-02  6.495E-02  6.679E-02  6.862E-02  7.267E-02  7.271E-02  7.384E-02  7.625E-02  7.883E-02  8.275E-02  8.584E-02  8.769E-02  9.080E-02  9.191E-02  9.802E-02  1.018E-01  1.037E-01  1.097E-01  1.090E-01  1.165E-01  1.189E-01  1.276E-01  1.324E-01  1.359E-01  1.434E-01  1.523E-01  1.590E-01  1.632E-01  1.772E-01  1.862E-01  1.980E-01  2.098E-01  2.259E-01  2.401E-01  2.583E-01  2.749E-01  2.962E-01  3.226E-01  3.444E-01  3.669E-01  4.008E-01  4.302E-01  4.599E-01  4.986E-01  5.408E-01  5.851E-01  6.295E-01  6.791E-01  7.359E-01  7.884E-01  8.566E-01  9.196E-01  9.912E-01  1.070E+00  1.146E+00  1.223E+00  1.316E+00  1.409E+00  1.512E+00  1.605E+00  1.721E+00  1.831E+00  1.940E+00  2.070E+00  2.191E+00  2.320E+00  2.445E+00  2.588E+00  2.739E+00  2.876E+00  3.026E+00  3.188E+00  3.322E+00  3.487E+00  3.650E+00  3.810E+00  3.972E+00  4.143E+00  4.313E+00  4.470E+00  4.644E+00  4.800E+00  4.963E+00  5.135E+00  5.297E+00  5.457E+00  5.625E+00  5.779E+00  5.923E+00  6.085E+00  6.224E+00  6.357E+00  6.489E+00  6.609E+00  6.725E+00  6.847E+00  6.956E+00  7.045E+00  7.134E+00  7.216E+00  7.284E+00  7.341E+00  7.384E+00  7.427E+00  7.441E+00  7.453E+00  7.453E+00  7.444E+00  7.413E+00  7.355E+00  7.313E+00  7.241E+00  7.154E+00  7.052E+00  6.928E+00  6.807E+00  6.678E+00  6.512E+00  6.356E+00  6.174E+00  5.987E+00  5.805E+00  5.605E+00  5.395E+00  5.181E+00  4.963E+00  4.751E+00  4.532E+00  4.312E+00  4.092E+00  3.874E+00  3.665E+00  3.454E+00  3.237E+00  3.037E+00  2.851E+00  2.664E+00  2.485E+00  2.313E+00  2.148E+00  1.997E+00  1.845E+00  1.715E+00  1.575E+00  1.459E+00  1.349E+00  1.245E+00  1.153E+00  1.064E+00  9.885E-01  9.150E-01  8.561E-01  7.966E-01  7.446E-01  7.012E-01  6.656E-01  6.314E-01  6.046E-01  5.777E-01  5.595E-01  5.430E-01  5.281E-01  5.206E-01  5.104E-01  5.020E-01  5.007E-01  4.926E-01  4.890E-01  4.883E-01  4.865E-01  4.802E-01  4.764E-01  4.736E-01  4.694E-01  4.629E-01  4.552E-01  4.494E-01  4.414E-01  4.240E-01  4.124E-01  3.982E-01  3.771E-01  3.584E-01  3.378E-01  3.175E-01  2.933E-01  2.704E-01  2.488E-01  2.247E-01  2.012E-01  1.807E-01  1.613E-01  1.429E-01  1.247E-01  1.097E-01  9.538E-02  8.371E-02  7.041E-02  6.157E-02  5.111E-02  4.406E-02  3.740E-02  3.143E-02  2.644E-02  2.110E-02  1.852E-02  1.551E-02  1.230E-02  1.047E-02  8.525E-03  6.721E-03  2.041E-02  Z
 0.000E+00  0.000E+00  0.000E+00  0.000E+00  1.533E-04  6.961E-04  1.409E-03  2.445E-03  3.727E-03  4.795E-03  6.983E-03  9.302E-03  1.077E-02  1.415E-02  1.524E-02  1.868E-02  1.999E-02  2.151E-02  2.460E-02  2.564E-02  3.004E-02  3.132E-02  3.273E-02  3.550E-02  3.634E-02  3.987E-02  4.217E-02  4.252E-02  4.492E-02  4.810E-02  4.885E-02  5.026E-02  5.261E-02  5.379E-02  5.444E-02  5.722E-02  5.749E-02  6.049E-02  6.161E-02  6.429E-02  6.698E-02  6.765E-02  6.944E-02  7.222E-02  7.555E-02  7.497E-02  8.085E-02  8.279E-02  8.502E-02  8.717E-02  9.120E-02  9.517E-02  9.765E-02  1.022E-01  1.074E-01  1.103E-01  1.115E-01  1.167E-01  1.209E-01  1.258E-01  1.321E-01  1.376E-01  1.469E-01  1.550E-01  1.621E-01  1.723E-01  1.830E-01  1.944E-01  2.098E-01  2.204E-01  2.334E-01  2.527E-01  2.718E-01  2.941E-01  3.147E-01  3.399E-01  3.626E-01  3.926E-01  4.240E-01  4.545E-01  4.982E-01  5.349E-01  5.755E-01  6.283E-01  6.775E-01  7.279E-01  7.855E-01  8.428E-01  9.102E-01  9.837E-01  1.054E+00  1.131E+00  1.214E+00  1.300E+00  1.394E+00  1.486E+00  1.592E+00  1.690E+00  1.806E+00  1.923E+00  2.032E+00  2.165E+00  2.288E+00  2.428E+00  2.560E+00  2.710E+00  2.853E+00  2.999E+00  3.153E+00  3.298E+00  3.459E+00  3.618E+00  3.797E+00  3.950E+00  4.121E+00  4.283E+00  4.468E+00  4.625E+00  4.806E+00  4.985E+00  5.138E+00  5.311E+00  5.484E+00  5.644E+00  5.813E+00  5.974E+00  6.139E+00  6.295E+00  6.448E+00  6.600E+00  6.744E+00  6.884E+00  7.008E+00  7.136E+00  7.240E+00  7.370E+00  7.451E+00  7.559E+00  7.639E+00  7.704E+00  7.785E+00  7.838E+00  7.888E+00  7.915E+00  7.930E+00  7.947E+00  7.954E+00  7.935E+00  7.910E+00  7.866E+00  7.789E+00  7.728E+00  7.635E+00  7.539E+00  7.427E+00  7.299E+00  7.156E+00  7.003E+00  6.846E+00  6.668E+00  6.480E+00  6.292E+00  6.090E+00  5.878E+00  5.655E+00  5.437E+00  5.197E+00  4.985E+00  4.756E+00  4.517E+00  4.297E+00  4.074E+00  3.850E+00  3.625E+00  3.415E+00  3.216E+00  3.011E+00  2.812E+00  2.624E+00  2.456E+00  2.279E+00  2.129E+00  1.971E+00  1.822E+00  1.691E+00  1.571E+00  1.453E+00  1.353E+00  1.254E+00  1.161E+00  1.080E+00  1.009E+00  9.422E-01  8.857E-01  8.340E-01  7.861E-01  7.500E-01  7.162E-01  6.836E-01  6.593E-01  6.369E-01  6.129E-01  6.010E-01  5.861E-01  5.756E-01  5.638E-01  5.557E-01  5.417E-01  5.425E-01  5.309E-01  5.257E-01  5.179E-01  5.105E-01  5.067E-01  4.942E-01  4.854E-01  4.797E-01  4.655E-01  4.526E-01  4.391E-01  4.239E-01  4.057E-01  3.847E-01  3.667E-01  3.420E-01  3.198E-01  2.962E-01  2.736E-01  2.483E-01  2.260E-01  2.014E-01  1.805E-01  1.627E-01  1.416E-01  1.246E-01  1.099E-01  9.516E-02  8.257E-02  7.082E-02  6.024E-02  5.160E-02  4.502E-02  3.696E-02  3.202E-02  2.708E-02  2.228E-02  1.868E-02  1.564E-02  5.127E-02  Z
 0.000E+00  0.000E+00  0.000E+00  4.363E-05  6.549E-04  8.017E-04  2.660E-03  2.984E-03  3.756E-03  5.645E-03  6.959E-03  9.061E-03  1.117E-02  1.259E-02  1.601E-02  1.717E-02  1.983E-02  2.160E-02  2.412E-02  2.514E-02  2.735E-02  2.936E-02  3.124E-02  3.410E-02  3.573E-02  3.755E-02  3.951E-02  4.247E-02  4.506E-02  4.579E-02  4.785E-02  4.680E-02  5.089E-02  5.374E-02  5.182E-02  5.625E-02  5.738E-02  5.782E-02  5.937E-02  6.139E-02  6.509E-02  6.545E-02  6.808E-02  7.001E-02  7.297E-02  7.464E-02  7.544E-02  7.982E-02  8.023E-02  8.574E-02  8.774E-02  9.166E-02  9.385E-02  9.833E-02  1.009E-01  1.071E-01  1.095E-01  1.137E-01  1.200E-01  1.222E-01  1.299E-01  1.348E-01  1.419E-01  1.513E-01  1.575E-01  1.667E-01  1.799E-01  1.867E-01  2.006E-01  2.155E-01  2.320E-01  2.475E-01  2.656E-01  2.859E-01  3.085E-01  3.289E-01  3.576E-01  3.839E-01  4.160E-01  4.484E-01  4.859E-01  5.236E-01  5.650E-01  6.120E-01  6.598E-01  7.115E-01  7.610E-01  8.335E-01  8.901E-01  9.609E-01  1.039E+00  1.116E+00  1.197E+00  1.282E+00  1.370E+00  1.464E+00  1.572E+00  1.667E+00  1.786E+00  1.903E+00  2.018E+00  2.148E+00  2.268E+00  2.407E+00  2.539E+00  2.676E+00  2.832E+00  2.981E+00  3.135E+00  3.295E+00  3.448E+00  3.617E+00  3.781E+00  3.949E+00  4.128E+00  4.305E+00  4.471E+00  4.663E+00  4.839E+00  5.004E+00  5.201E+00  5.373E+00  5.558E+00  5.735E+00  5.921E+00  6.089E+00  6.270E+00  6.442E+00  6.607E+00  6.758E+00  6.927E+00  7.067E+00  7.238E+00  7.381E+00  7.507E+00  7.644E+00  7.770E+00  7.890E+00  7.998E+00  8.111E+00  8.202E+00  8.283E+00  8.353E+00  8.407E+00  8.477E+00  8.526E+00  8.558E+00  8.593E+00  8.589E+00  8.593E+00  8.561E+00  8.541E+00  8.507E+00  8.448E+00  8.378E+00  8.296E+00  8.217E+00  8.092E+00  7.982E+00  7.832E+00  7.683E+00  7.518E+00  7.350E+00  7.166E+00  6.972E+00  6.765E+00  6.547E+00  6.324E+00  6.097E+00  5.866E+00  5.641E+00  5.389E+00  5.155E+00  4.911E+00  4.671E+00  4.437E+00  4.193E+00  3.972E+00  3.735E+00  3.520E+00  3.303E+00  3.105E+00  2.901E+00  2.717E+00  2.531E+00  2.361E+00  2.194E+00  2.053E+00  1.909E+00  1.774E+00  1.648E+00  1.531E+00  1.432E+00  1.329E+00  1.245E+00  1.165E+00  1.091E+00  1.031E+00  9.685E-01  9.146E-01  8.719E-01  8.322E-01  7.895E-01  7.638E-01  7.352E-01  7.110E-01  6.921E-01  6.667E-01  6.539E-01  6.391E-01  6.224E-01  6.092E-01  5.971E-01  5.872E-01  5.753E-01  5.644E-01  5.556E-01  5.410E-01  5.315E-01  5.157E-01  5.038E-01  4.871E-01  4.734E-01  4.595E-01  4.445E-01  4.225E-01  4.042E-01  3.833E-01  3.615E-01  3.338E-01  3.125E-01  2.879E-01  2.633E-01  2.387E-01  2.129E-01  1.918E-01  1.712E-01  1.515E-01  1.334E-01  1.165E-01  1.035E-01  8.823E-02  7.702E-02  6.604E-02  5.714E-02  4.803E-02  4.160E-02  3.444E-02  1.236E-01  Z
 0.000E+00  0.000E+00  5.181E-05  4.810E-04  5.779E-04  1.428E-03  1.827E-03  2.984E-03  4.345E-03  5.622E-03  7.215E-03  8.217E-03  1.149E-02  1.217E-02  1.507E-02  1.655E-02  1.907E-02  1.967E-02  2.332E-02  2.503E-02  2.758E-02  3.001E-02  2.976E-02  3.206E-02  3.467E-02  3.682E-02  3.872E-02  4.051E-02  4.306E-02  4.400E-02  4.518E-02  4.648E-02  4.788E-02  4.943E-02  5.229E-02  5.369E-02  5.697E-02  5.688E-02  5.935E-02  6.061E-02  6.279E-02  6.587E-02  6.621E-02  6.923E-02  7.027E-02  7.227E-02  7.631E-02  7.828E-02  8.121E-02  8.293E-02  8.732E-02  9.005E-02  9.367E-02  9.637E-02  1.018E-01  1.045E-01  1.062E-01  1.105E-01  1.175E-01  1.197E-01  1.267E-01  1.321E-01  1.399E-01  1.483E-01  1.564E-01  1.656E-01  1.723E-01  1.871E-01  1.991E-01  2.124E-01  2.286E-01  2.445E-01  2.629E-01  2.796E-01  3.003E-01  3.248E-01  3.485E-01  3.781E-01  4.085E-01  4.435E-01  4.800E-01  5.157E-01  5.599E-01  6.031E-01  6.499E-01  7.050E-01  7.584E-01  8.199E-01  8.825E-01  9.501E-01  1.018E+00  1.102E+00  1.178E+00  1.273E+00  1.357E+00  1.453E+00  1.553E+00  1.665E+00  1.768E+00  1.882E+00  1.998E+00  2.122E+00  2.256E+00  2.402E+00  2.533E+00  2.667E+00  2.821E+00  2.968E+00  3.118E+00  3.287E+00  3.450E+00  3.610E+00  3.793E+00  3.954E+00  4.135E+00  4.313E+00  4.491E+00  4.680E+00  4.874E+00  5.045E+00  5.243E+00  5.419E+00  5.607E+00  5.806E+00  5.980E+00  6.167E+00  6.348E+00  6.523E+00  6.709E+00  6.894E+00  7.054E+00  7.217E+00  7.376E+00  7.543E+00  7.699E+00  7.848E+00  7.986E+00  8.112E+00  8.240E+00  8.368E+00  8.479E+00  8.574E+00  8.667E+00  8.755E+00  8.811E+00  8.890E+00  8.950E+00  8.989E+00  9.036E+00  9.054E+00  9.049E+00  9.053E+00  9.031E+00  9.003E+00  8.967E+00  8.917E+00  8.857E+00  8.765E+00  8.683E+00  8.577E+00  8.468E+00  8.309E+00  8.175E+00  8.031E+00  7.856E+00  7.668E+00  7.482E+00  7.265E+00  7.050E+00  6.838E+00  6.608E+00  6.365E+00  6.139E+00  5.883E+00  5.652E+00  5.397E+00  5.141E+00  4.892E+00  4.650E+00  4.397E+00  4.179E+00  3.945E+00  3.711E+00  3.492E+00  3.276E+00  3.072E+00  2.878E+00  2.692E+00  2.508E+00  2.339E+00  2.186E+00  2.036E+00  1.899E+00  1.772E+00  1.646E+00  1.539E+00  1.444E+00  1.351E+00  1.263E+00  1.192E+00  1.117E+00  1.055E+00  1.003E+00  9.536E-01  9.020E-01  8.676E-01  8.322E-01  8.009E-01  7.747E-01  7.466E-01  7.233E-01  7.003E-01  6.837E-01  6.672E-01  6.494E-01  6.342E-01  6.174E-01  6.037E-01  5.915E-01  5.790E-01  5.633E-01  5.487E-01  5.377E-01  5.191E-01  5.050E-01  4.908E-01  4.738E-01  4.548E-01  4.314E-01  4.126E-01  3.950E-01  3.652E-01  3.426E-01  3.168E-01  2.920E-01  2.668E-01  2.416E-01  2.193E-01  1.982E-01  1.753E-01  1.568E-01  1.370E-01  1.194E-01  1.047E-01  9.028E-02  7.769E-02  6.803E-02  5.702E-02  2.155E-01  Z
 0.000E+00  0.000E+00  5.191E-05  2.621E-04  5.401E-04  1.220E-03  2.117E-03  2.657E-03  4.209E-03  4.851E-03  6.479E-03  8.337E-03  1.029E-02  1.188E-02  1.345E-02  1.545E-02  1.771E-02  1.948E-02  2.103E-02  2.238E-02  2.551E-02  2.675E-02  2.904E-02  3.155E-02  3.436E-02  3.433E-02  3.880E-02  3.988E-02  3.977E-02  4.103E-02  4.232E-02  4.544E-02  4.824E-02  4.897E-02  5.110E-02  5.255E-02  5.446E-02  5.623E-02  5.627E-02  5.808E-02  6.209E-02  6.393E-02  6.510E-02  6.756E-02  6.928E-02  7.285E-02  7.346E-02  7.772E-02  7.863E-02  8.164E-02  8.505E-02  8.799E-02  9.095E-02  9.232E-02  9.859E-02  1.013E-01  1.058E-01  1.108E-01  1.145E-01  1.177E-01  1.241E-01  1.309E-01  1.379E-01  1.464E-01  1.543E-01  1.627E-01  1.723E-01  1.832E-01  1.950E-01  2.076E-01  2.219E-01  2.374E-01  2.556E-01  2.736E-01  2.980E-01  3.144E-01  3.431E-01  3.736E-01  3.996E-01  4.358E-01  4.670E-01  5.071E-01  5.497E-01  5.894E-01  6.368E-01  6.894E-01  7.395E-01  7.989E-01  8.635E-01  9.310E-01  1.007E+00  1.080E+00  1.157E+00  1.256E+00  1.341E+00  1.433E+00  1.534E+00  1.635E+00  1.746E+00  1.864E+00  1.976E+00  2.108E+00  2.233E+00  2.374E+00  2.516E+00  2.657E+00  2.803E+00  2.961E+00  3.122E+00  3.276E+00  3.453E+00  3.623E+00  3.795E+00  3.981E+00  4.162E+00  4.333E+00  4.529E+00  4.711E+00  4.911E+00  5.098E+00  5.289E+00  5.492E+00  5.689E+00  5.891E+00  6.076E+00  6.281E+00  6.470E+00  6.667E+00  6.869E+00  7.035E+00  7.242E+00  7.426E+00  7.611E+00  7.773E+00  7.947E+00  8.123E+00  8.278E+00  8.434E+00  8.586E+00  8.726E+00  8.861E+00  9.006E+00  9.118E+00  9.213E+00  9.319E+00  9.417E+00  9.484E+00  9.572E+00  9.629E+00  9.683E+00  9.721E+00  9.760E+00  9.768E+00  9.774E+00  9.784E+00  9.758E+00  9.735E+00  9.677E+00  9.634E+00  9.557E+00  9.480E+00  9.378E+00  9.299E+00  9.157E+00  9.036E+00  8.899E+00  8.728E+00  8.582E+00  8.389E+00  8.207E+00  7.994E+00  7.775E+00  7.565E+00  7.325E+00  7.098E+00  6.853E+00  6.589E+00  6.334E+00  6.073E+00  5.816E+00  5.566E+00  5.310E+00  5.034E+00  4.776E+00  4.534E+00  4.285E+00  4.048E+00  3.813E+00  3.584E+00  3.373E+00  3.169E+00  2.968E+00  2.781E+00  2.596E+00  2.437E+00  2.267E+00  2.120E+00  1.983E+00  1.855E+00  1.740E+00  1.622E+00  1.520E+00  1.435E+00  1.349E+00  1.268E+00  1.199E+00  1.134E+00  1.077E+00  1.026E+00  9.787E-01  9.336E-01  8.976E-01  8.624E-01  8.318E-01  8.030E-01  7.753E-01  7.515E-01  7.270E-01  7.052E-01  6.884E-01  6.678E-01  6.494E-01  6.335E-01  6.183E-01  5.957E-01  5.837E-01  5.652E-01  5.466E-01  5.323E-01  5.130E-01  4.919E-01  4.745E-01  4.549E-01  4.323E-01  4.118E-01  3.864E-01  3.577E-01  3.329E-01  3.059E-01  2.797E-01  2.546E-01  2.290E-01  2.077E-01  1.845E-01  1.631E-01  1.435E-01  1.281E-01  1.106E-01  4.367E-01  Z
 0.000E+00  0.000E+00  5.157E-05  2.627E-04  3.851E-04  1.219E-03  1.731E-03  3.522E-03  3.531E-03  4.852E-03  6.610E-03  7.669E-03  9.330E-03  1.148E-02  1.281E-02  1.567E-02  1.719E-02  1.987E-02  2.054E-02  2.194E-02  2.439E-02  2.700E-02  2.754E-02  3.105E-02  3.369E-02  3.490E-02  3.639E-02  3.767E-02  3.938E-02  4.074E-02  4.168E-02  4.522E-02  4.617E-02  4.885E-02  4.755E-02  5.155E-02  5.217E-02  5.536E-02  5.458E-02  5.823E-02  6.070E-02  6.139E-02  6.439E-02  6.548E-02  6.852E-02  7.146E-02  7.188E-02  7.529E-02  8.084E-02  8.155E-02  8.361E-02  8.855E-02  9.163E-02  9.334E-02  9.514E-02  1.005E-01  1.034E-01  1.092E-01  1.133E-01  1.170E-01  1.228E-01  1.278E-01  1.343E-01  1.427E-01  1.515E-01  1.597E-01  1.686E-01  1.802E-01  1.915E-01  2.081E-01  2.184E-01  2.307E-01  2.512E-01  2.729E-01  2.900E-01  3.114E-01  3.387E-01  3.659E-01  3.932E-01  4.224E-01  4.611E-01  4.987E-01  5.381E-01  5.802E-01  6.280E-01  6.793E-01  7.358E-01  7.973E-01  8.574E-01  9.227E-01  9.952E-01  1.065E+00  1.146E+00  1.233E+00  1.320E+00  1.415E+00  1.524E+00  1.624E+00  1.737E+00  1.849E+00  1.968E+00  2.099E+00  2.221E+00  2.356E+00  2.498E+00  2.648E+00  2.797E+00  2.956E+00  3.106E+00  3.275E+00  3.451E+00  3.619E+00  3.795E+00  3.971E+00  4.164E+00  4.354E+00  4.523E+00  4.743E+00  4.932E+00  5.124E+00  5.331E+00  5.521E+00  5.741E+00  5.952E+00  6.152E+00  6.343E+00  6.553E+00  6.767E+00  6.956E+00  7.164E+00  7.355E+00  7.553E+00  7.743E+00  7.943E+00  8.113E+00  8.296E+00  8.480E+00  8.652E+00  8.816E+00  8.981E+00  9.136E+00  9.278E+00  9.404E+00  9.543E+00  9.663E+00  9.769E+00  9.870E+00  9.971E+00  1.006E+01  1.013E+01  1.019E+01  1.023E+01  1.026E+01  1.030E+01  1.033E+01  1.032E+01  1.033E+01  1.030E+01  1.025E+01  1.023E+01  1.017E+01  1.011E+01  1.004E+01  9.934E+00  9.826E+00  9.705E+00  9.602E+00  9.440E+00  9.292E+00  9.136E+00  8.952E+00  8.769E+00  8.552E+00  8.346E+00  8.127E+00  7.891E+00  7.648E+00  7.418E+00  7.142E+00  6.896E+00  6.635E+00  6.363E+00  6.100E+00  5.823E+00  5.556E+00  5.290E+00  5.039E+00  4.766E+00  4.523E+00  4.283E+00  4.034E+00  3.793E+00  3.577E+00  3.344E+00  3.145E+00  2.956E+00  2.765E+00  2.588E+00  2.423E+00  2.273E+00  2.122E+00  1.988E+00  1.864E+00  1.742E+00  1.634E+00  1.539E+00  1.450E+00  1.368E+00  1.287E+00  1.219E+00  1.151E+00  1.102E+00  1.050E+00  1.001E+00  9.586E-01  9.189E-01  8.809E-01  8.536E-01  8.227E-01  7.946E-01  7.667E-01  7.423E-01  7.194E-01  7.029E-01  6.806E-01  6.564E-01  6.393E-01  6.253E-01  6.039E-01  5.831E-01  5.624E-01  5.470E-01  5.272E-01  5.062E-01  4.853E-01  4.656E-01  4.445E-01  4.172E-01  3.924E-01  3.670E-01  3.410E-01  3.111E-01  2.849E-01  2.588E-01  2.357E-01  2.105E-01  1.873E-01  1.658E-01  6.889E-01  Z
 0.000E+00  0.000E+00  0.000E+00  2.616E-04  6.168E-04  1.080E-03  1.410E-03  2.866E-03  3.644E-03  4.906E-03  5.851E-03  6.869E-03  8.505E-03  1.081E-02  1.150E-02  1.324E-02  1.556E-02  1.668E-02  1.974E-02  2.066E-02  2.306E-02  2.364E-02  2.769E-02  2.858E-02  3.103E-02  3.278E-02  3.508E-02  3.664E-02  3.767E-02  4.050E-02  4.189E-02  4.360E-02  4.484E-02  4.627E-02  4.658E-02  5.116E-02  5.190E-02  5.369E-02  5.541E-02  5.744E-02  5.770E-02  6.184E-02  6.329E-02  6.351E-02  6.744E-02  7.078E-02  7.247E-02  7.242E-02  7.759E-02  8.130E-02  8.272E-02  8.642E-02  8.886E-02  9.026E-02  9.502E-02  9.937E-02  1.030E-01  1.047E-01  1.113E-01  1.161E-01  1.205E-01  1.266E-01  1.336E-01  1.406E-01  1.476E-01  1.555E-01  1.666E-01  1.761E-01  1.863E-01  2.002E-01  2.139E-01  2.301E-01  2.448E-01  2.634E-01  2.852E-01  3.037E-01  3.309E-01  3.590E-01  3.911E-01  4.166E-01  4.476E-01  4.879E-01  5.285E-01  5.675E-01  6.157E-01  6.689E-01  7.236E-01  7.790E-01  8.395E-01  9.088E-01  9.781E-01  1.055E+00  1.133E+00  1.222E+00  1.311E+00  1.395E+00  1.500E+00  1.605E+00  1.720E+00  1.831E+00  1.948E+00  2.072E+00  2.209E+00  2.340E+00  2.489E+00  2.632E+00  2.777E+00  2.942E+00  3.104E+00  3.271E+00  3.446E+00  3.620E+00  3.805E+00  3.988E+00  4.180E+00  4.361E+00  4.565E+00  4.763E+00  4.977E+00  5.171E+00  5.396E+00  5.586E+00  5.799E+00  6.017E+00  6.230E+00  6.444E+00  6.670E+00  6.883E+00  7.094E+00  7.306E+00  7.514E+00  7.720E+00  7.942E+00  8.150E+00  8.347E+00  8.558E+00  8.748E+00  8.946E+00  9.134E+00  9.313E+00  9.483E+00  9.651E+00  9.827E+00  9.967E+00  1.011E+01  1.026E+01  1.039E+01  1.050E+01  1.062E+01  1.071E+01  1.079E+01  1.089E+01  1.095E+01  1.100E+01  1.106E+01  1.110E+01  1.115E+01  1.114E+01  1.115E+01  1.115E+01  1.112E+01  1.110E+01  1.103E+01  1.098E+01  1.093E+01  1.084E+01  1.074E+01  1.064E+01  1.052E+01  1.040E+01  1.025E+01  1.013E+01  9.945E+00  9.761E+00  9.570E+00  9.363E+00  9.160E+00  8.947E+00  8.713E+00  8.462E+00  8.211E+00  7.958E+00  7.695E+00  7.423E+00  7.140E+00  6.859E+00  6.595E+00  6.302E+00  6.016E+00  5.744E+00  5.463E+00  5.200E+00  4.930E+00  4.675E+00  4.403E+00  4.165E+00  3.930E+00  3.691E+00  3.472E+00  3.264E+00  3.057E+00  2.872E+00  2.688E+00  2.516E+00  2.362E+00  2.211E+00  2.070E+00  1.946E+00  1.829E+00  1.708E+00  1.614E+00  1.516E+00  1.433E+00  1.356E+00  1.281E+00  1.213E+00  1.154E+00  1.097E+00  1.053E+00  1.003E+00  9.616E-01  9.264E-01  8.854E-01  8.551E-01  8.251E-01  7.988E-01  7.732E-01  7.443E-01  7.240E-01  7.034E-01  6.785E-01  6.572E-01  6.365E-01  6.132E-01  5.973E-01  5.722E-01  5.511E-01  5.317E-01  5.066E-01  4.868E-01  4.581E-01  4.377E-01  4.121E-01  3.850E-01  3.540E-01  3.274E-01  3.019E-01  2.722E-01  1.240E+00  Z
 0.000E+00  0.000E+00  1.556E-04  1.747E-04  8.467E-04  7.315E-04  9.289E-04  2.060E-03  2.806E-03  4.774E-03  5.396E-03  6.843E-03  8.114E-03  1.035E-02  1.139E-02  1.388E-02  1.450E-02  1.721E-02  1.861E-02  1.950E-02  2.221E-02  2.342E-02  2.546E-02  2.770E-02  2.863E-02  3.183E-02  3.373E-02  3.438E-02  3.691E-02  3.707E-02  4.045E-02  4.255E-02  4.366E-02  4.439E-02  4.843E-02  4.810E-02  5.051E-02  5.241E-02  5.395E-02  5.500E-02  5.707E-02  5.914E-02  6.235E-02  6.370E-02  6.422E-02  6.788E-02  6.983E-02  7.122E-02  7.586E-02  7.729E-02  8.102E-02  8.250E-02  8.525E-02  9.035E-02  9.254E-02  9.580E-02  1.000E-01  1.025E-01  1.074E-01  1.129E-01  1.185E-01  1.237E-01  1.303E-01  1.369E-01  1.464E-01  1.534E-01  1.619E-01  1.727E-01  1.820E-01  1.948E-01  2.097E-01  2.260E-01  2.381E-01  2.586E-01  2.791E-01  3.003E-01  3.243E-01  3.466E-01  3.752E-01  4.067E-01  4.435E-01  4.758E-01  5.168E-01  5.579E-01  6.044E-01  6.564E-01  7.057E-01  7.608E-01  8.242E-01  8.850E-01  9.618E-01  1.034E+00  1.116E+00  1.197E+00  1.289E+00  1.378E+00  1.484E+00  1.580E+00  1.693E+00  1.802E+00  1.923E+00  2.051E+00  2.189E+00  2.320E+00  2.461E+00  2.610E+00  2.772E+00  2.924E+00  3.080E+00  3.255E+00  3.441E+00  3.617E+00  3.808E+00  3.997E+00  4.176E+00  4.391E+00  4.580E+00  4.794E+00  5.004E+00  5.207E+00  5.437E+00  5.654E+00  5.881E+00  6.105E+00  6.329E+00  6.562E+00  6.784E+00  7.003E+00  7.240E+00  7.472E+00  7.715E+00  7.940E+00  8.168E+00  8.392E+00  8.613E+00  8.839E+00  9.070E+00  9.279E+00  9.487E+00  9.694E+00  9.912E+00  1.010E+01  1.029E+01  1.048E+01  1.066E+01  1.081E+01  1.098E+01  1.116E+01  1.130E+01  1.141E+01  1.156E+01  1.167E+01  1.181E+01  1.189E+01  1.197E+01  1.206E+01  1.214E+01  1.217E+01  1.223E+01  1.226E+01  1.229E+01  1.230E+01  1.231E+01  1.229E+01  1.227E+01  1.222E+01  1.218E+01  1.212E+01  1.204E+01  1.194E+01  1.186E+01  1.176E+01  1.164E+01  1.149E+01  1.136E+01  1.119E+01  1.103E+01  1.084E+01  1.067E+01  1.046E+01  1.024E+01  1.002E+01  9.778E+00  9.543E+00  9.296E+00  9.014E+00  8.750E+00  8.463E+00  8.181E+00  7.881E+00  7.592E+00  7.295E+00  6.983E+00  6.692E+00  6.392E+00  6.095E+00  5.793E+00  5.507E+00  5.220E+00  4.951E+00  4.671E+00  4.413E+00  4.171E+00  3.918E+00  3.682E+00  3.464E+00  3.257E+00  3.060E+00  2.858E+00  2.684E+00  2.512E+00  2.360E+00  2.206E+00  2.074E+00  1.946E+00  1.832E+00  1.718E+00  1.625E+00  1.529E+00  1.447E+00  1.369E+00  1.296E+00  1.229E+00  1.170E+00  1.118E+00  1.064E+00  1.022E+00  9.834E-01  9.446E-01  9.111E-01  8.786E-01  8.386E-01  8.129E-01  7.847E-01  7.633E-01  7.336E-01  7.065E-01  6.832E-01  6.617E-01  6.357E-01  6.143E-01  5.897E-01  5.638E-01  5.436E-01  5.172E-01  4.907E-01  4.653E-01  4.361E-01  2.299E+00  Z
 nu_m
 Z
 Z
 Z
 Z
 Z
 Z
 Z
 Z
 Z
 Z
 Z
 Z
 Z
 Z
 Z
 Z
 Z
 Z
 Z
 Z
 Z
 Z
 Z
 Z
 Z
 0.000E+00  0.000E+00  0.000E+00  0.000E+00  0.000E+00  0.000E+00  0.000E+00  0.000E+00  0.000E+00  0.000E+00  0.000E+00  0.000E+00  0.000E+00  0.000E+00  0.000E+00  0.000E+00  0.000E+00  0.000E+00  0.000E+00  0.000E+00  0.000E+00  0.000E+00  0.000E+00  0.000E+00  0.000E+00  6.882E-04  8.434E-03  1.977E-02  3.354E-02  4.317E-02  5.514E-02  6.650E-02  7.759E-02  8.914E-02  9.943E-02  1.082E-01  1.150E-01  1.179E-01  1.164E-01  1.149E-01  1.143E-01  1.122E-01  1.116E-01  1.087E-01  1.082E-01  1.054E-01  1.064E-01  1.068E-01  1.089E-01  1.096E-01  1.146E-01  1.143E-01  1.205E-01  1.232E-01  1.272E-01  1.366E-01  1.397E-01  1.491E-01  1.558E-01  1.657E-01  1.720E-01  1.864E-01  1.981E-01  2.141E-01  2.255E-01  2.379E-01  2.564E-01  2.790E-01  3.001E-01  3.258E-01  3.589E-01  3.872E-01  4.283E-01  4.743E-01  5.221E-01  5.773E-01  6.332E-01  6.986E-01  7.749E-01  8.405E-01  9.315E-01  1.019E+00  1.112E+00  1.226E+00  1.334E+00  1.454E+00  1.593E+00  1.736E+00  1.896E+00  2.047E+00  2.220E+00  2.410E+00  2.606E+00  2.809E+00  3.022E+00  3.252E+00  3.490E+00  3.730E+00  4.010E+00  4.262E+00  4.541E+00  4.824E+00  5.111E+00  5.422E+00  5.714E+00  6.042E+00  6.352E+00  6.690E+00  7.020E+00  7.357E+00  7.703E+00  8.033E+00  8.364E+00  8.728E+00  9.049E+00  9.392E+00  9.723E+00  1.005E+01  1.036E+01  1.068E+01  1.101E+01  1.127E+01  1.158E+01  1.184E+01  1.211E+01  1.233E+01  1.256E+01  1.277E+01  1.294E+01  1.310E+01  1.325E+01  1.336E+01  1.342E+01  1.349E+01  1.351E+01  1.352E+01  1.350E+01  1.346E+01  1.334E+01  1.324E+01  1.309E+01  1.292E+01  1.272E+01  1.249E+01  1.224E+01  1.196E+01  1.167E+01  1.133E+01  1.100E+01  1.065E+01  1.025E+01  9.884E+00  9.472E+00  9.073E+00  8.655E+00  8.232E+00  7.830E+00  7.403E+00  6.986E+00  6.591E+00  6.187E+00  5.791E+00  5.409E+00  5.034E+00  4.677E+00  4.330E+00  3.982E+00  3.667E+00  3.371E+00  3.082E+00  2.815E+00  2.550E+00  2.318E+00  2.095E+00  1.889E+00  1.696E+00  1.520E+00  1.352E+00  1.199E+00  1.063E+00  9.413E-01  8.327E-01  7.268E-01  6.373E-01  5.572E-01  4.844E-01  4.190E-01  3.613E-01  3.111E-01  2.656E-01  2.279E-01  1.941E-01  1.663E-01  1.386E-01  1.170E-01  1.004E-01  8.448E-02  6.953E-02  5.847E-02  4.853E-02  4.082E-02  3.295E-02  2.700E-02  2.223E-02  1.860E-02  1.430E-02  1.255E-02  9.903E-03  7.974E-03  6.336E-03  5.083E-03  4.066E-03  3.270E-03  2.723E-03  2.213E-03  1.705E-03  1.268E-03  9.365E-04  7.624E-04  5.872E-04  5.419E-04  3.575E-04  2.876E-04  2.578E-04  1.357E-04  1.864E-04  7.691E-05  7.091E-05  7.047E-05  4.341E-05  2.174E-05  3.227E-05  2.704E-05  1.071E-05  1.078E-05  0.000E+00  Z
 0.000E+00  0.000E+00  0.000E+00  0.000E+00  0.000E+00  0.000E+00  0.000E+00  0.000E+00  0.000E+00  0.000E+00  0.000E+00  0.000E+00  0.000E+00  0.000E+00  0.000E+00  0.000E+00  0.000E+00  9.139E-04  4.532E-03  8.913E-03  1.368E-02  1.744E-02  2.272E-02  2.818E-02  3.238E-02  3.698E-02  3.981E-02  4.479E-02  4.985E-02  5.233E-02  5.574E-02  6.073E-02  6.332E-02  6.716E-02  7.033E-02  7.363E-02  7.813E-02  8.088E-02  8.198E-02  8.603E-02  8.752E-02  9.160E-02  9.316E-02  9.983E-02  1.033E-01  1.052E-01  1.094E-01  1.106E-01  1.168E-01  1.195E-01  1.211E-01  1.259E-01  1.308E-01  1.325E-01  1.369E-01  1.424E-01  1.480E-01  1.550E-01  1.634E-01  1.721E-01  1.817E-01  1.937E-01  2.058E-01  2.169E-01  2.337E-01  2.525E-01  2.739E-01  2.959E-01  3.204E-01  3.491E-01  3.829E-01  4.180E-01  4.580E-01  5.025E-01  5.490E-01  6.031E-01  6.578E-01  7.208E-01  7.934E-01  8.659E-01  9.502E-01  1.040E+00  1.139E+00  1.240E+00  1.348E+00  1.474E+00  1.604E+00  1.741E+00  1.891E+00  2.054E+00  2.212E+00  2.391E+00  2.572E+00  2.776E+00  2.990E+00  3.202E+00  3.425E+00  3.666E+00  3.910E+00  4.165E+00  4.428E+00  4.712E+00  4.997E+00  5.287E+00  5.587E+00  5.869E+00  6.182E+00  6.507E+00  6.831E+00  7.154E+00  7.473E+00  7.820E+00  8.152E+00  8.476E+00  8.810E+00  9.131E+00  9.455E+00  9.796E+00  1.011E+01  1.043E+01  1.071E+01  1.104E+01  1.134E+01  1.160E+01  1.188E+01  1.213E+01  1.235E+01  1.258E+01  1.277E+01  1.296E+01  1.310E+01  1.324E+01  1.338E+01  1.346E+01  1.351E+01  1.355E+01  1.357E+01  1.355E+01  1.350E+01  1.343E+01  1.333E+01  1.320E+01  1.302E+01  1.286E+01  1.263E+01  1.239E+01  1.213E+01  1.182E+01  1.150E+01  1.118E+01  1.084E+01  1.046E+01  1.009E+01  9.695E+00  9.278E+00  8.877E+00  8.463E+00  8.034E+00  7.636E+00  7.208E+00  6.798E+00  6.379E+00  5.985E+00  5.604E+00  5.217E+00  4.859E+00  4.494E+00  4.166E+00  3.824E+00  3.525E+00  3.225E+00  2.949E+00  2.681E+00  2.440E+00  2.202E+00  1.986E+00  1.799E+00  1.601E+00  1.432E+00  1.282E+00  1.138E+00  1.002E+00  8.842E-01  7.762E-01  6.817E-01  5.964E-01  5.168E-01  4.522E-01  3.889E-01  3.363E-01  2.881E-01  2.484E-01  2.127E-01  1.786E-01  1.504E-01  1.277E-01  1.086E-01  9.073E-02  7.521E-02  6.352E-02  5.303E-02  4.382E-02  3.632E-02  3.011E-02  2.535E-02  2.096E-02  1.679E-02  1.350E-02  1.087E-02  8.520E-03  7.507E-03  5.782E-03  4.446E-03  3.733E-03  3.184E-03  2.351E-03  1.776E-03  1.525E-03  1.226E-03  9.380E-04  7.040E-04  5.826E-04  4.647E-04  3.401E-04  3.055E-04  2.576E-04  1.634E-04  1.191E-04  1.077E-04  8.635E-05  3.789E-05  3.241E-05  1.546E-05  2.109E-05  1.628E-05  1.600E-05  1.599E-05  0.000E+00  Z
 0.000E+00  0.000E+00  0.000E+00  0.000E+00  0.000E+00  0.000E+00  0.000E+00  0.000E+00  0.000E+00  0.000E+00  0.000E+00  4.082E-04  2.100E-03  4.155E-03  7.169E-03  1.081E-02  1.318E-02  1.653E-02  2.011E-02  2.239E-02  2.685E-02  2.926E-02  3.120E-02  3.542E-02  3.932E-02  4.200E-02  4.484E-02  4.867E-02  5.046E-02  5.285E-02  5.410E-02  5.811E-02  5.828E-02  6.181E-02  6.386E-02  6.696E-02  6.823E-02  7.254E-02  7.240E-02  7.661E-02  8.031E-02  8.026E-02  8.444E-02  8.673E-02  8.838E-02  9.351E-02  9.568E-02  1.002E-01  1.061E-01  1.078E-01  1.140E-01  1.195E-01  1.244E-01  1.307E-01  1.366E-01  1.427E-01  1.524E-01  1.585E-01  1.678E-01  1.807E-01  1.903E-01  2.040E-01  2.166E-01  2.335E-01  2.489E-01  2.695E-01  2.899E-01  3.104E-01  3.386E-01  3.680E-01  4.028E-01  4.396E-01  4.788E-01  5.252E-01  5.719E-01  6.255E-01  6.775E-01  7.466E-01  8.184E-01  8.904E-01  9.692E-01  1.057E+00  1.160E+00  1.251E+00  1.363E+00  1.479E+00  1.599E+00  1.734E+00  1.874E+00  2.036E+00  2.192E+00  2.367E+00  2.536E+00  2.738E+00  2.935E+00  3.133E+00  3.349E+00  3.579E+00  3.814E+00  4.060E+00  4.309E+00  4.579E+00  4.833E+00  5.129E+00  5.404E+00  5.701E+00  5.992E+00  6.299E+00  6.615E+00  6.934E+00  7.251E+00  7.568E+00  7.895E+00  8.248E+00  8.559E+00  8.886E+00  9.213E+00  9.531E+00  9.868E+00  1.018E+01  1.048E+01  1.080E+01  1.110E+01  1.138E+01  1.166E+01  1.193E+01  1.220E+01  1.243E+01  1.265E+01  1.288E+01  1.309E+01  1.325E+01  1.341E+01  1.355E+01  1.365E+01  1.376E+01  1.383E+01  1.388E+01  1.390E+01  1.387E+01  1.386E+01  1.377E+01  1.369E+01  1.357E+01  1.342E+01  1.324E+01  1.303E+01  1.281E+01  1.255E+01  1.227E+01  1.196E+01  1.163E+01  1.128E+01  1.091E+01  1.050E+01  1.013E+01  9.724E+00  9.292E+00  8.885E+00  8.460E+00  8.034E+00  7.589E+00  7.164E+00  6.760E+00  6.351E+00  5.953E+00  5.560E+00  5.183E+00  4.807E+00  4.449E+00  4.111E+00  3.779E+00  3.467E+00  3.174E+00  2.893E+00  2.632E+00  2.383E+00  2.156E+00  1.939E+00  1.738E+00  1.565E+00  1.393E+00  1.240E+00  1.104E+00  9.701E-01  8.556E-01  7.534E-01  6.620E-01  5.742E-01  5.023E-01  4.342E-01  3.743E-01  3.239E-01  2.776E-01  2.381E-01  2.019E-01  1.737E-01  1.448E-01  1.228E-01  1.030E-01  8.721E-02  7.387E-02  6.089E-02  5.136E-02  4.257E-02  3.486E-02  2.942E-02  2.396E-02  1.959E-02  1.613E-02  1.295E-02  1.099E-02  8.792E-03  7.040E-03  5.687E-03  4.616E-03  3.886E-03  2.863E-03  2.368E-03  1.889E-03  1.552E-03  1.104E-03  9.241E-04  8.272E-04  5.316E-04  5.341E-04  2.745E-04  2.956E-04  2.236E-04  2.012E-04  9.172E-05  1.074E-04  5.843E-05  5.321E-05  3.726E-05  3.771E-05  2.115E-05  1.600E-05  1.055E-05  2.165E-05  5.512E-06  5.119E-06  5.382E-06  5.297E-06  0.000E+00  Z
 0.000E+00  0.000E+00  0.000E+00  0.000E+00  0.000E+00  0.000E+00  3.197E-05  5.061E-04  2.099E-03  3.181E-03  5.448E-03  7.495E-03  9.365E-03  1.166E-02  1.371E-02  1.738E-02  1.984E-02  2.255E-02  2.312E-02  2.693E-02  2.918E-02  3.057E-02  3.512E-02  3.806E-02  3.915E-02  4.199E-02  4.501E-02  4.679E-02  4.772E-02  5.063E-02  5.340E-02  5.587E-02  5.740E-02  5.789E-02  6.062E-02  6.268E-02  6.685E-02  6.686E-02  6.824E-02  7.032E-02  7.368E-02  7.724E-02  7.921E-02  8.214E-02  8.629E-02  8.816E-02  9.381E-02  9.626E-02  1.011E-01  1.049E-01  1.110E-01  1.153E-01  1.191E-01  1.254E-01  1.332E-01  1.392E-01  1.472E-01  1.565E-01  1.641E-01  1.783E-01  1.870E-01  1.974E-01  2.178E-01  2.315E-01  2.505E-01  2.716E-01  2.921E-01  3.192E-01  3.500E-01  3.781E-01  4.094E-01  4.534E-01  4.845E-01  5.338E-01  5.833E-01  6.347E-01  6.896E-01  7.570E-01  8.255E-01  8.985E-01  9.750E-01  1.062E+00  1.151E+00  1.253E+00  1.364E+00  1.476E+00  1.596E+00  1.726E+00  1.867E+00  2.006E+00  2.166E+00  2.334E+00  2.504E+00  2.690E+00  2.876E+00  3.076E+00  3.289E+00  3.512E+00  3.737E+00  3.973E+00  4.213E+00  4.470E+00  4.724E+00  4.992E+00  5.286E+00  5.563E+00  5.844E+00  6.162E+00  6.453E+00  6.778E+00  7.092E+00  7.421E+00  7.722E+00  8.063E+00  8.385E+00  8.712E+00  9.042E+00  9.376E+00  9.695E+00  1.003E+01  1.033E+01  1.067E+01  1.097E+01  1.129E+01  1.158E+01  1.187E+01  1.215E+01  1.244E+01  1.271E+01  1.295E+01  1.318E+01  1.340E+01  1.361E+01  1.380E+01  1.396E+01  1.412E+01  1.424E+01  1.437E+01  1.447E+01  1.451E+01  1.459E+01  1.459E+01  1.457E+01  1.455E+01  1.451E+01  1.440E+01  1.430E+01  1.415E+01  1.397E+01  1.378E+01  1.354E+01  1.329E+01  1.300E+01  1.270E+01  1.238E+01  1.206E+01  1.166E+01  1.126E+01  1.088E+01  1.045E+01  1.002E+01  9.592E+00  9.168E+00  8.706E+00  8.271E+00  7.835E+00  7.395E+00  6.976E+00  6.521E+00  6.109E+00  5.703E+00  5.308E+00  4.930E+00  4.562E+00  4.215E+00  3.867E+00  3.558E+00  3.246E+00  2.966E+00  2.698E+00  2.442E+00  2.205E+00  1.991E+00  1.784E+00  1.601E+00  1.423E+00  1.267E+00  1.125E+00  9.948E-01  8.764E-01  7.709E-01  6.768E-01  5.884E-01  5.120E-01  4.452E-01  3.837E-01  3.305E-01  2.827E-01  2.427E-01  2.072E-01  1.752E-01  1.501E-01  1.275E-01  1.077E-01  9.090E-02  7.479E-02  6.327E-02  5.271E-02  4.404E-02  3.712E-02  3.041E-02  2.503E-02  2.041E-02  1.670E-02  1.395E-02  1.166E-02  9.126E-03  7.535E-03  6.201E-03  4.680E-03  3.750E-03  3.133E-03  2.760E-03  2.078E-03  1.654E-03  1.322E-03  1.079E-03  7.895E-04  6.772E-04  5.295E-04  4.577E-04  3.365E-04  2.912E-04  9.143E-05  1.341E-04  1.226E-04  6.897E-05  8.006E-05  7.390E-05  4.229E-05  2.156E-05  4.725E-05  1.065E-05  1.063E-05  1.609E-05  1.048E-05  0.000E+00  Z
 0.000E+00  0.000E+00  0.000E+00  0.000E+00  1.156E-04  5.218E-04  1.251E-03  2.745E-03  3.194E-03  4.930E-03  7.191E-03  9.081E-03  1.167E-02  1.306E-02  1.509E-02  1.607E-02  2.021E-02  2.161E-02  2.542E-02  2.805E-02  3.090E-02  3.174E-02  3.511E-02  3.615E-02  3.953E-02  4.040E-02  4.275E-02  4.502E-02  4.922E-02  4.883E-02  5.150E-02  5.528E-02  5.542E-02  5.686E-02  5.807E-02  6.193E-02  6.177E-02  6.411E-02  6.831E-02  6.530E-02  7.123E-02  7.269E-02  7.633E-02  7.953E-02  8.242E-02  8.651E-02  8.740E-02  9.203E-02  9.841E-02  1.004E-01  1.057E-01  1.127E-01  1.179E-01  1.207E-01  1.288E-01  1.357E-01  1.430E-01  1.501E-01  1.635E-01  1.751E-01  1.827E-01  1.955E-01  2.107E-01  2.292E-01  2.497E-01  2.679E-01  2.859E-01  3.148E-01  3.454E-01  3.732E-01  4.034E-01  4.418E-01  4.846E-01  5.250E-01  5.747E-01  6.265E-01  6.853E-01  7.545E-01  8.173E-01  8.885E-01  9.656E-01  1.046E+00  1.142E+00  1.234E+00  1.342E+00  1.455E+00  1.580E+00  1.708E+00  1.845E+00  1.988E+00  2.141E+00  2.299E+00  2.473E+00  2.653E+00  2.837E+00  3.043E+00  3.245E+00  3.462E+00  3.691E+00  3.931E+00  4.163E+00  4.414E+00  4.683E+00  4.952E+00  5.222E+00  5.502E+00  5.803E+00  6.106E+00  6.391E+00  6.725E+00  7.036E+00  7.355E+00  7.677E+00  8.014E+00  8.361E+00  8.677E+00  9.032E+00  9.375E+00  9.707E+00  1.005E+01  1.040E+01  1.072E+01  1.104E+01  1.138E+01  1.170E+01  1.201E+01  1.231E+01  1.261E+01  1.290E+01  1.318E+01  1.346E+01  1.370E+01  1.394E+01  1.420E+01  1.439E+01  1.461E+01  1.480E+01  1.496E+01  1.509E+01  1.523E+01  1.533E+01  1.541E+01  1.548E+01  1.554E+01  1.554E+01  1.555E+01  1.549E+01  1.542E+01  1.535E+01  1.524E+01  1.511E+01  1.492E+01  1.474E+01  1.451E+01  1.425E+01  1.397E+01  1.368E+01  1.334E+01  1.300E+01  1.263E+01  1.224E+01  1.182E+01  1.139E+01  1.095E+01  1.052E+01  1.006E+01  9.597E+00  9.139E+00  8.664E+00  8.189E+00  7.742E+00  7.278E+00  6.818E+00  6.400E+00  5.966E+00  5.566E+00  5.154E+00  4.781E+00  4.418E+00  4.057E+00  3.726E+00  3.403E+00  3.109E+00  2.819E+00  2.556E+00  2.312E+00  2.091E+00  1.872E+00  1.677E+00  1.499E+00  1.335E+00  1.183E+00  1.051E+00  9.254E-01  8.097E-01  7.097E-01  6.209E-01  5.388E-01  4.684E-01  4.066E-01  3.492E-01  2.997E-01  2.582E-01  2.180E-01  1.889E-01  1.593E-01  1.358E-01  1.159E-01  9.697E-02  8.259E-02  6.806E-02  5.718E-02  4.808E-02  3.997E-02  3.275E-02  2.693E-02  2.274E-02  1.897E-02  1.566E-02  1.292E-02  9.971E-03  8.437E-03  6.775E-03  5.398E-03  4.501E-03  3.830E-03  3.076E-03  2.211E-03  1.979E-03  1.468E-03  1.226E-03  8.672E-04  6.779E-04  5.729E-04  4.686E-04  3.464E-04  2.759E-04  1.968E-04  1.705E-04  1.378E-04  1.059E-04  5.229E-05  1.000E-04  5.277E-05  3.108E-05  3.172E-05  2.090E-05  2.071E-05  3.044E-05  Z
 0.000E+00  0.000E+00  0.000E+00  3.063E-04  3.469E-04  1.183E-03  1.922E-03  3.254E-03  4.175E-03  6.151E-03  7.591E-03  9.280E-03  1.028E-02  1.349E-02  1.459E-02  1.632E-02  1.856E-02  2.091E-02  2.273E-02  2.563E-02  2.780E-02  2.999E-02  3.231E-02  3.377E-02  3.658E-02  3.794E-02  4.038E-02  4.351E-02  4.582E-02  4.868E-02  5.012E-02  4.894E-02  5.387E-02  5.421E-02  5.767E-02  5.952E-02  6.079E-02  6.102E-02  6.664E-02  6.683E-02  6.846E-02  7.164E-02  7.639E-02  7.839E-02  8.163E-02  8.116E-02  8.627E-02  8.989E-02  9.394E-02  9.925E-02  1.034E-01  1.087E-01  1.142E-01  1.184E-01  1.248E-01  1.350E-01  1.379E-01  1.491E-01  1.596E-01  1.663E-01  1.791E-01  1.950E-01  2.079E-01  2.219E-01  2.426E-01  2.612E-01  2.844E-01  3.053E-01  3.335E-01  3.632E-01  3.949E-01  4.341E-01  4.738E-01  5.122E-01  5.615E-01  6.115E-01  6.700E-01  7.265E-01  7.912E-01  8.691E-01  9.421E-01  1.028E+00  1.117E+00  1.210E+00  1.310E+00  1.435E+00  1.553E+00  1.676E+00  1.812E+00  1.950E+00  2.104E+00  2.270E+00  2.429E+00  2.610E+00  2.807E+00  3.014E+00  3.206E+00  3.419E+00  3.643E+00  3.879E+00  4.129E+00  4.381E+00  4.636E+00  4.910E+00  5.185E+00  5.467E+00  5.779E+00  6.069E+00  6.374E+00  6.704E+00  7.032E+00  7.339E+00  7.689E+00  8.039E+00  8.374E+00  8.720E+00  9.079E+00  9.435E+00  9.785E+00  1.014E+01  1.050E+01  1.085E+01  1.122E+01  1.158E+01  1.191E+01  1.227E+01  1.260E+01  1.292E+01  1.326E+01  1.356E+01  1.388E+01  1.415E+01  1.443E+01  1.473E+01  1.499E+01  1.523E+01  1.545E+01  1.567E+01  1.588E+01  1.606E+01  1.622E+01  1.636E+01  1.648E+01  1.663E+01  1.665E+01  1.673E+01  1.677E+01  1.679E+01  1.677E+01  1.673E+01  1.669E+01  1.661E+01  1.649E+01  1.636E+01  1.621E+01  1.601E+01  1.578E+01  1.556E+01  1.529E+01  1.498E+01  1.467E+01  1.430E+01  1.395E+01  1.355E+01  1.316E+01  1.273E+01  1.226E+01  1.180E+01  1.133E+01  1.085E+01  1.037E+01  9.854E+00  9.382E+00  8.892E+00  8.385E+00  7.928E+00  7.430E+00  6.970E+00  6.507E+00  6.069E+00  5.635E+00  5.231E+00  4.837E+00  4.451E+00  4.105E+00  3.757E+00  3.429E+00  3.127E+00  2.834E+00  2.577E+00  2.319E+00  2.086E+00  1.875E+00  1.676E+00  1.503E+00  1.332E+00  1.178E+00  1.042E+00  9.208E-01  8.060E-01  7.082E-01  6.166E-01  5.390E-01  4.673E-01  4.009E-01  3.480E-01  2.982E-01  2.556E-01  2.180E-01  1.854E-01  1.591E-01  1.342E-01  1.137E-01  9.715E-02  8.101E-02  6.954E-02  5.718E-02  4.849E-02  3.907E-02  3.231E-02  2.741E-02  2.328E-02  1.938E-02  1.568E-02  1.307E-02  1.027E-02  8.650E-03  7.417E-03  5.709E-03  4.851E-03  3.778E-03  2.883E-03  2.447E-03  1.889E-03  1.584E-03  1.318E-03  9.270E-04  8.563E-04  7.173E-04  4.649E-04  5.193E-04  3.205E-04  2.519E-04  1.521E-04  1.670E-04  1.618E-04  8.312E-05  5.244E-05  1.618E-04  Z
 0.000E+00  0.000E+00  5.178E-05  3.930E-04  6.935E-04  1.497E-03  1.827E-03  3.074E-03  4.624E-03  4.989E-03  7.364E-03  9.401E-03  1.017E-02  1.328E-02  1.547E-02  1.678E-02  1.794E-02  2.190E-02  2.353E-02  2.481E-02  2.788E-02  2.938E-02  3.032E-02  3.472E-02  3.597E-02  3.655E-02  3.898E-02  4.224E-02  4.453E-02  4.634E-02  4.762E-02  4.876E-02  5.327E-02  5.302E-02  5.450E-02  5.709E-02  5.855E-02  6.112E-02  6.435E-02  6.495E-02  6.921E-02  7.123E-02  7.162E-02  7.670E-02  7.857E-02  8.175E-02  8.758E-02  8.936E-02  9.283E-02  9.755E-02  9.978E-02  1.058E-01  1.121E-01  1.159E-01  1.223E-01  1.290E-01  1.360E-01  1.485E-01  1.529E-01  1.647E-01  1.783E-01  1.892E-01  2.009E-01  2.192E-01  2.358E-01  2.574E-01  2.784E-01  3.007E-01  3.280E-01  3.576E-01  3.906E-01  4.252E-01  4.631E-01  5.074E-01  5.530E-01  6.029E-01  6.592E-01  7.183E-01  7.860E-01  8.533E-01  9.346E-01  1.014E+00  1.099E+00  1.204E+00  1.305E+00  1.411E+00  1.526E+00  1.655E+00  1.786E+00  1.935E+00  2.081E+00  2.233E+00  2.419E+00  2.581E+00  2.778E+00  2.971E+00  3.178E+00  3.387E+00  3.614E+00  3.842E+00  4.099E+00  4.348E+00  4.615E+00  4.884E+00  5.166E+00  5.453E+00  5.754E+00  6.055E+00  6.389E+00  6.698E+00  7.009E+00  7.361E+00  7.714E+00  8.068E+00  8.406E+00  8.768E+00  9.134E+00  9.493E+00  9.856E+00  1.022E+01  1.059E+01  1.096E+01  1.132E+01  1.169E+01  1.205E+01  1.240E+01  1.278E+01  1.311E+01  1.346E+01  1.380E+01  1.414E+01  1.445E+01  1.478E+01  1.506E+01  1.537E+01  1.563E+01  1.590E+01  1.614E+01  1.638E+01  1.662E+01  1.681E+01  1.698E+01  1.714E+01  1.729E+01  1.742E+01  1.752E+01  1.759E+01  1.765E+01  1.770E+01  1.770E+01  1.771E+01  1.766E+01  1.763E+01  1.751E+01  1.742E+01  1.730E+01  1.714E+01  1.694E+01  1.671E+01  1.649E+01  1.623E+01  1.595E+01  1.563E+01  1.529E+01  1.492E+01  1.453E+01  1.412E+01  1.369E+01  1.324E+01  1.279E+01  1.230E+01  1.180E+01  1.130E+01  1.081E+01  1.029E+01  9.779E+00  9.271E+00  8.781E+00  8.273E+00  7.776E+00  7.290E+00  6.813E+00  6.367E+00  5.917E+00  5.481E+00  5.075E+00  4.672E+00  4.306E+00  3.952E+00  3.604E+00  3.290E+00  2.990E+00  2.715E+00  2.453E+00  2.203E+00  1.976E+00  1.768E+00  1.585E+00  1.405E+00  1.252E+00  1.110E+00  9.732E-01  8.529E-01  7.487E-01  6.542E-01  5.713E-01  4.951E-01  4.311E-01  3.733E-01  3.207E-01  2.743E-01  2.366E-01  2.001E-01  1.704E-01  1.445E-01  1.242E-01  1.042E-01  8.790E-02  7.488E-02  6.245E-02  5.155E-02  4.375E-02  3.572E-02  3.049E-02  2.575E-02  2.036E-02  1.790E-02  1.398E-02  1.200E-02  9.663E-03  8.056E-03  6.219E-03  5.307E-03  4.293E-03  3.680E-03  2.949E-03  2.091E-03  1.765E-03  1.510E-03  1.274E-03  9.093E-04  8.102E-04  6.005E-04  4.698E-04  3.920E-04  2.791E-04  2.036E-04  1.763E-04  4.570E-04  Z
 0.000E+00  0.000E+00  1.550E-04  1.744E-04  6.171E-04  1.080E-03  1.891E-03  3.192E-03  4.402E-03  5.304E-03  6.991E-03  8.870E-03  9.657E-03  1.174E-02  1.309E-02  1.447E-02  1.787E-02  2.012E-02  2.187E-02  2.475E-02  2.524E-02  2.903E-02  3.053E-02  3.219E-02  3.342E-02  3.740E-02  3.730E-02  4.151E-02  4.262E-02  4.262E-02  4.634E-02  4.655E-02  4.793E-02  5.103E-02  5.462E-02  5.370E-02  5.770E-02  5.945E-02  6.188E-02  6.459E-02  6.799E-02  6.808E-02  7.204E-02  7.531E-02  7.767E-02  7.934E-02  8.358E-02  8.598E-02  9.075E-02  9.649E-02  1.006E-01  1.019E-01  1.094E-01  1.138E-01  1.197E-01  1.265E-01  1.345E-01  1.433E-01  1.522E-01  1.596E-01  1.747E-01  1.862E-01  1.971E-01  2.133E-01  2.327E-01  2.505E-01  2.738E-01  2.980E-01  3.227E-01  3.497E-01  3.809E-01  4.159E-01  4.502E-01  4.928E-01  5.377E-01  5.903E-01  6.455E-01  7.042E-01  7.700E-01  8.307E-01  9.095E-01  9.924E-01  1.081E+00  1.175E+00  1.276E+00  1.384E+00  1.498E+00  1.629E+00  1.757E+00  1.893E+00  2.046E+00  2.196E+00  2.365E+00  2.545E+00  2.736E+00  2.929E+00  3.143E+00  3.346E+00  3.577E+00  3.815E+00  4.041E+00  4.317E+00  4.580E+00  4.848E+00  5.145E+00  5.437E+00  5.752E+00  6.055E+00  6.364E+00  6.692E+00  7.036E+00  7.369E+00  7.726E+00  8.074E+00  8.435E+00  8.835E+00  9.203E+00  9.568E+00  9.960E+00  1.034E+01  1.074E+01  1.112E+01  1.150E+01  1.191E+01  1.229E+01  1.266E+01  1.303E+01  1.342E+01  1.380E+01  1.416E+01  1.454E+01  1.491E+01  1.523E+01  1.558E+01  1.592E+01  1.620E+01  1.652E+01  1.682E+01  1.709E+01  1.736E+01  1.761E+01  1.785E+01  1.805E+01  1.827E+01  1.843E+01  1.859E+01  1.874E+01  1.886E+01  1.897E+01  1.903E+01  1.910E+01  1.913E+01  1.912E+01  1.911E+01  1.908E+01  1.901E+01  1.891E+01  1.880E+01  1.867E+01  1.849E+01  1.831E+01  1.812E+01  1.787E+01  1.760E+01  1.733E+01  1.701E+01  1.666E+01  1.631E+01  1.591E+01  1.549E+01  1.506E+01  1.463E+01  1.418E+01  1.368E+01  1.317E+01  1.265E+01  1.213E+01  1.161E+01  1.106E+01  1.053E+01  9.974E+00  9.452E+00  8.913E+00  8.410E+00  7.874E+00  7.393E+00  6.882E+00  6.417E+00  5.951E+00  5.514E+00  5.089E+00  4.681E+00  4.302E+00  3.938E+00  3.592E+00  3.271E+00  2.977E+00  2.693E+00  2.429E+00  2.185E+00  1.956E+00  1.751E+00  1.558E+00  1.387E+00  1.225E+00  1.084E+00  9.538E-01  8.400E-01  7.304E-01  6.387E-01  5.545E-01  4.862E-01  4.200E-01  3.609E-01  3.116E-01  2.687E-01  2.286E-01  1.954E-01  1.657E-01  1.403E-01  1.211E-01  1.017E-01  8.520E-02  7.231E-02  5.902E-02  5.004E-02  4.259E-02  3.567E-02  2.933E-02  2.541E-02  2.059E-02  1.660E-02  1.423E-02  1.175E-02  9.644E-03  7.526E-03  6.260E-03  5.137E-03  4.071E-03  3.408E-03  2.681E-03  2.163E-03  1.807E-03  1.588E-03  1.027E-03  9.685E-04  8.410E-04  6.211E-04  1.722E-03  Z
 0.000E+00  0.000E+00  0.000E+00  4.380E-05  7.705E-04  1.046E-03  1.794E-03  2.746E-03  3.700E-03  5.065E-03  6.537E-03  7.785E-03  1.036E-02  1.139E-02  1.275E-02  1.399E-02  1.798E-02  1.831E-02  2.168E-02  2.345E-02  2.522E-02  2.767E-02  2.870E-02  3.142E-02  3.258E-02  3.474E-02  3.713E-02  4.099E-02  4.109E-02  4.342E-02  4.460E-02  4.601E-02  4.892E-02  5.077E-02  5.278E-02  5.622E-02  5.487E-02  5.916E-02  5.962E-02  6.447E-02  6.376E-02  6.826E-02  7.093E-02  7.164E-02  7.583E-02  7.833E-02  8.137E-02  8.362E-02  8.731E-02  9.351E-02  9.705E-02  9.881E-02  1.089E-01  1.121E-01  1.199E-01  1.236E-01  1.311E-01  1.408E-01  1.493E-01  1.607E-01  1.693E-01  1.814E-01  1.970E-01  2.119E-01  2.291E-01  2.450E-01  2.652E-01  2.865E-01  3.130E-01  3.432E-01  3.730E-01  4.061E-01  4.450E-01  4.864E-01  5.312E-01  5.787E-01  6.355E-01  6.935E-01  7.513E-01  8.186E-01  8.978E-01  9.798E-01  1.061E+00  1.159E+00  1.256E+00  1.360E+00  1.482E+00  1.601E+00  1.728E+00  1.873E+00  2.022E+00  2.173E+00  2.349E+00  2.524E+00  2.710E+00  2.909E+00  3.102E+00  3.329E+00  3.544E+00  3.788E+00  4.026E+00  4.291E+00  4.554E+00  4.831E+00  5.115E+00  5.400E+00  5.712E+00  6.029E+00  6.364E+00  6.679E+00  7.020E+00  7.394E+00  7.746E+00  8.101E+00  8.485E+00  8.867E+00  9.237E+00  9.626E+00  1.002E+01  1.043E+01  1.080E+01  1.123E+01  1.162E+01  1.202E+01  1.242E+01  1.283E+01  1.324E+01  1.362E+01  1.401E+01  1.441E+01  1.477E+01  1.518E+01  1.554E+01  1.590E+01  1.628E+01  1.661E+01  1.695E+01  1.727E+01  1.758E+01  1.790E+01  1.817E+01  1.844E+01  1.869E+01  1.892E+01  1.916E+01  1.932E+01  1.953E+01  1.970E+01  1.980E+01  1.994E+01  2.003E+01  2.011E+01  2.017E+01  2.019E+01  2.017E+01  2.016E+01  2.014E+01  2.006E+01  1.998E+01  1.988E+01  1.972E+01  1.957E+01  1.938E+01  1.917E+01  1.895E+01  1.866E+01  1.838E+01  1.807E+01  1.775E+01  1.738E+01  1.701E+01  1.658E+01  1.616E+01  1.571E+01  1.525E+01  1.477E+01  1.424E+01  1.373E+01  1.319E+01  1.264E+01  1.209E+01  1.155E+01  1.098E+01  1.042E+01  9.870E+00  9.316E+00  8.764E+00  8.243E+00  7.719E+00  7.197E+00  6.717E+00  6.232E+00  5.776E+00  5.342E+00  4.913E+00  4.507E+00  4.128E+00  3.783E+00  3.436E+00  3.111E+00  2.822E+00  2.546E+00  2.292E+00  2.059E+00  1.842E+00  1.638E+00  1.457E+00  1.292E+00  1.142E+00  1.009E+00  8.824E-01  7.772E-01  6.761E-01  5.896E-01  5.112E-01  4.421E-01  3.813E-01  3.308E-01  2.820E-01  2.408E-01  2.068E-01  1.763E-01  1.490E-01  1.271E-01  1.053E-01  8.969E-02  7.640E-02  6.439E-02  5.411E-02  4.550E-02  3.794E-02  3.149E-02  2.669E-02  2.184E-02  1.794E-02  1.521E-02  1.209E-02  1.027E-02  8.480E-03  6.776E-03  5.517E-03  4.860E-03  3.869E-03  2.907E-03  2.437E-03  2.141E-03  1.612E-03  1.260E-03  3.961E-03  Z
 0.000E+00  0.000E+00  0.000E+00  2.619E-04  5.010E-04  1.427E-03  1.891E-03  2.298E-03  3.757E-03  4.481E-03  6.458E-03  7.039E-03  8.786E-03  1.010E-02  1.228E-02  1.468E-02  1.573E-02  1.827E-02  1.921E-02  2.254E-02  2.307E-02  2.563E-02  2.706E-02  2.953E-02  3.090E-02  3.451E-02  3.581E-02  3.740E-02  4.102E-02  4.104E-02  4.252E-02  4.568E-02  4.731E-02  4.919E-02  5.211E-02  5.420E-02  5.377E-02  5.775E-02  5.961E-02  6.117E-02  6.283E-02  6.692E-02  7.001E-02  7.290E-02  7.286E-02  7.728E-02  7.959E-02  8.287E-02  8.781E-02  9.153E-02  9.523E-02  9.847E-02  1.043E-01  1.118E-01  1.166E-01  1.225E-01  1.315E-01  1.362E-01  1.445E-01  1.555E-01  1.644E-01  1.768E-01  1.912E-01  2.078E-01  2.213E-01  2.402E-01  2.616E-01  2.843E-01  3.088E-01  3.298E-01  3.658E-01  3.995E-01  4.340E-01  4.709E-01  5.200E-01  5.641E-01  6.164E-01  6.691E-01  7.371E-01  8.092E-01  8.773E-01  9.546E-01  1.042E+00  1.139E+00  1.234E+00  1.340E+00  1.450E+00  1.569E+00  1.704E+00  1.843E+00  1.987E+00  2.150E+00  2.311E+00  2.489E+00  2.676E+00  2.864E+00  3.075E+00  3.292E+00  3.505E+00  3.755E+00  3.998E+00  4.267E+00  4.529E+00  4.808E+00  5.094E+00  5.384E+00  5.683E+00  6.006E+00  6.348E+00  6.690E+00  7.037E+00  7.392E+00  7.757E+00  8.128E+00  8.518E+00  8.905E+00  9.288E+00  9.687E+00  1.011E+01  1.051E+01  1.092E+01  1.135E+01  1.176E+01  1.218E+01  1.261E+01  1.304E+01  1.347E+01  1.388E+01  1.431E+01  1.474E+01  1.515E+01  1.556E+01  1.597E+01  1.639E+01  1.676E+01  1.715E+01  1.753E+01  1.788E+01  1.825E+01  1.857E+01  1.893E+01  1.921E+01  1.951E+01  1.980E+01  2.009E+01  2.032E+01  2.058E+01  2.080E+01  2.100E+01  2.115E+01  2.130E+01  2.145E+01  2.158E+01  2.166E+01  2.175E+01  2.178E+01  2.180E+01  2.182E+01  2.179E+01  2.173E+01  2.168E+01  2.157E+01  2.144E+01  2.131E+01  2.114E+01  2.096E+01  2.073E+01  2.049E+01  2.022E+01  1.993E+01  1.963E+01  1.930E+01  1.894E+01  1.855E+01  1.813E+01  1.769E+01  1.725E+01  1.677E+01  1.628E+01  1.577E+01  1.523E+01  1.468E+01  1.412E+01  1.356E+01  1.298E+01  1.239E+01  1.181E+01  1.123E+01  1.063E+01  1.006E+01  9.475E+00  8.903E+00  8.334E+00  7.806E+00  7.265E+00  6.775E+00  6.263E+00  5.807E+00  5.339E+00  4.914E+00  4.501E+00  4.116E+00  3.748E+00  3.407E+00  3.089E+00  2.796E+00  2.509E+00  2.255E+00  2.027E+00  1.805E+00  1.608E+00  1.427E+00  1.260E+00  1.114E+00  9.788E-01  8.601E-01  7.496E-01  6.511E-01  5.679E-01  4.909E-01  4.257E-01  3.674E-01  3.154E-01  2.698E-01  2.305E-01  1.986E-01  1.677E-01  1.429E-01  1.214E-01  1.019E-01  8.673E-02  7.222E-02  6.223E-02  5.165E-02  4.301E-02  3.656E-02  3.049E-02  2.514E-02  2.054E-02  1.680E-02  1.446E-02  1.184E-02  9.880E-03  8.336E-03  6.670E-03  5.433E-03  4.280E-03  3.518E-03  1.114E-02  Z
 0.000E+00  0.000E+00  0.000E+00  1.750E-04  3.083E-04  1.081E-03  1.315E-03  2.149E-03  2.911E-03  4.615E-03  5.320E-03  7.088E-03  7.650E-03  9.052E-03  1.130E-02  1.291E-02  1.427E-02  1.641E-02  1.881E-02  2.147E-02  2.215E-02  2.429E-02  2.582E-02  2.917E-02  3.134E-02  3.189E-02  3.439E-02  3.698E-02  3.590E-02  3.962E-02  4.159E-02  4.295E-02  4.399E-02  4.883E-02  4.964E-02  5.283E-02  5.180E-02  5.739E-02  5.728E-02  5.770E-02  6.126E-02  6.440E-02  6.617E-02  7.136E-02  7.118E-02  7.471E-02  7.812E-02  8.241E-02  8.591E-02  8.774E-02  9.479E-02  9.773E-02  1.011E-01  1.054E-01  1.125E-01  1.192E-01  1.269E-01  1.347E-01  1.415E-01  1.513E-01  1.622E-01  1.706E-01  1.856E-01  2.013E-01  2.154E-01  2.351E-01  2.512E-01  2.744E-01  2.965E-01  3.255E-01  3.521E-01  3.860E-01  4.238E-01  4.610E-01  5.022E-01  5.451E-01  6.029E-01  6.613E-01  7.192E-01  7.817E-01  8.565E-01  9.342E-01  1.018E+00  1.114E+00  1.208E+00  1.308E+00  1.416E+00  1.533E+00  1.672E+00  1.802E+00  1.957E+00  2.114E+00  2.272E+00  2.444E+00  2.636E+00  2.818E+00  3.020E+00  3.252E+00  3.474E+00  3.705E+00  3.953E+00  4.202E+00  4.479E+00  4.764E+00  5.041E+00  5.357E+00  5.666E+00  5.990E+00  6.326E+00  6.661E+00  7.017E+00  7.384E+00  7.756E+00  8.148E+00  8.531E+00  8.947E+00  9.359E+00  9.777E+00  1.018E+01  1.062E+01  1.106E+01  1.149E+01  1.193E+01  1.238E+01  1.283E+01  1.329E+01  1.373E+01  1.420E+01  1.466E+01  1.510E+01  1.554E+01  1.601E+01  1.644E+01  1.689E+01  1.733E+01  1.776E+01  1.819E+01  1.861E+01  1.901E+01  1.942E+01  1.980E+01  2.019E+01  2.052E+01  2.088E+01  2.119E+01  2.154E+01  2.183E+01  2.212E+01  2.238E+01  2.266E+01  2.289E+01  2.308E+01  2.328E+01  2.345E+01  2.360E+01  2.372E+01  2.387E+01  2.392E+01  2.400E+01  2.403E+01  2.405E+01  2.405E+01  2.401E+01  2.394E+01  2.387E+01  2.376E+01  2.364E+01  2.347E+01  2.331E+01  2.309E+01  2.286E+01  2.261E+01  2.232E+01  2.205E+01  2.172E+01  2.137E+01  2.099E+01  2.059E+01  2.019E+01  1.974E+01  1.926E+01  1.880E+01  1.828E+01  1.775E+01  1.719E+01  1.664E+01  1.605E+01  1.544E+01  1.486E+01  1.422E+01  1.360E+01  1.297E+01  1.233E+01  1.169E+01  1.107E+01  1.044E+01  9.841E+00  9.228E+00  8.641E+00  8.061E+00  7.510E+00  6.976E+00  6.450E+00  5.957E+00  5.490E+00  5.018E+00  4.603E+00  4.211E+00  3.830E+00  3.468E+00  3.134E+00  2.833E+00  2.551E+00  2.285E+00  2.034E+00  1.819E+00  1.615E+00  1.430E+00  1.264E+00  1.110E+00  9.732E-01  8.527E-01  7.452E-01  6.457E-01  5.641E-01  4.867E-01  4.210E-01  3.600E-01  3.105E-01  2.667E-01  2.284E-01  1.931E-01  1.635E-01  1.404E-01  1.190E-01  9.950E-02  8.393E-02  7.195E-02  6.026E-02  4.968E-02  4.204E-02  3.512E-02  2.948E-02  2.516E-02  1.971E-02  1.730E-02  1.407E-02  1.122E-02  3.675E-02  Z
 nu_l
 Z
 Z
 Z
 Z
 Z
 Z
 Z
 Z
 Z
 Z
 Z
 Z
 Z
 Z
 Z
 Z
 Z
 Z
 Z
 Z
 Z
 Z
 Z
 Z
 Z
 0.000E+00  0.000E+00  0.000E+00  0.000E+00  0.000E+00  0.000E+00  0.000E+00  0.000E+00  0.000E+00  0.000E+00  0.000E+00  0.000E+00  0.000E+00  0.000E+00  0.000E+00  0.000E+00  0.000E+00  0.000E+00  0.000E+00  0.000E+00  0.000E+00  0.000E+00  0.000E+00  0.000E+00  0.000E+00  6.081E-04  7.864E-03  1.989E-02  3.264E-02  4.343E-02  5.703E-02  6.760E-02  8.034E-02  8.782E-02  9.794E-02  1.078E-01  1.211E-01  1.225E-01  1.200E-01  1.216E-01  1.188E-01  1.178E-01  1.167E-01  1.164E-01  1.132E-01  1.147E-01  1.112E-01  1.112E-01  1.089E-01  1.070E-01  1.075E-01  1.077E-01  1.050E-01  1.019E-01  1.027E-01  9.936E-02  1.011E-01  9.865E-02  9.548E-02  9.562E-02  9.333E-02  9.391E-02  9.289E-02  9.035E-02  8.662E-02  8.219E-02  7.862E-02  7.537E-02  7.387E-02  6.831E-02  6.855E-02  6.807E-02  6.599E-02  6.738E-02  6.608E-02  6.532E-02  6.402E-02  6.474E-02  6.378E-02  6.302E-02  6.131E-02  5.901E-02  5.944E-02  5.745E-02  5.727E-02  5.452E-02  5.370E-02  5.274E-02  5.186E-02  4.976E-02  4.936E-02  4.643E-02  4.732E-02  4.411E-02  4.401E-02  4.266E-02  4.098E-02  4.058E-02  3.907E-02  3.660E-02  3.617E-02  3.510E-02  3.301E-02  3.269E-02  3.056E-02  2.921E-02  2.823E-02  2.710E-02  2.719E-02  2.405E-02  2.301E-02  2.184E-02  2.102E-02  1.966E-02  1.818E-02  1.628E-02  1.696E-02  1.572E-02  1.484E-02  1.394E-02  1.345E-02  1.206E-02  1.142E-02  1.057E-02  1.007E-02  9.368E-03  8.985E-03  8.001E-03  8.251E-03  7.525E-03  7.069E-03  6.526E-03  6.039E-03  5.652E-03  5.431E-03  5.055E-03  4.635E-03  3.983E-03  3.936E-03  3.504E-03  3.322E-03  3.078E-03  2.920E-03  2.887E-03  2.362E-03  2.271E-03  2.086E-03  2.000E-03  2.034E-03  1.706E-03  1.727E-03  1.487E-03  1.375E-03  1.267E-03  1.028E-03  1.007E-03  7.839E-04  7.501E-04  5.755E-04  6.444E-04  6.778E-04  4.951E-04  4.614E-04  4.224E-04  4.151E-04  3.442E-04  2.980E-04  1.773E-04  2.705E-04  2.321E-04  1.309E-04  1.177E-04  1.054E-04  1.125E-04  1.569E-04  9.252E-05  4.928E-05  9.242E-05  3.102E-05  5.500E-05  3.631E-05  1.791E-05  3.562E-05  6.022E-06  1.818E-05  5.966E-06  0.000E+00  Z
 0.000E+00  0.000E+00  0.000E+00  0.000E+00  0.000E+00  0.000E+00  0.000E+00  0.000E+00  0.000E+00  0.000E+00  0.000E+00  0.000E+00  0.000E+00  0.000E+00  0.000E+00  0.000E+00  0.000E+00  9.134E-04  4.268E-03  8.766E-03  1.365E-02  1.878E-02  2.355E-02  2.780E-02  3.122E-02  3.714E-02  4.198E-02  4.662E-02  4.962E-02  5.595E-02  5.981E-02  6.409E-02  6.593E-02  6.966E-02  7.348E-02  7.747E-02  8.018E-02  8.419E-02  8.751E-02  8.804E-02  9.053E-02  9.538E-02  9.729E-02  9.877E-02  1.016E-01  1.026E-01  1.062E-01  1.055E-01  1.111E-01  1.100E-01  1.081E-01  1.064E-01  1.047E-01  1.031E-01  1.038E-01  1.031E-01  9.950E-02  9.950E-02  9.757E-02  9.619E-02  9.342E-02  9.022E-02  8.911E-02  8.660E-02  8.463E-02  8.275E-02  8.254E-02  7.996E-02  7.870E-02  7.689E-02  7.482E-02  7.560E-02  7.239E-02  7.189E-02  6.794E-02  6.877E-02  6.582E-02  6.454E-02  6.403E-02  6.215E-02  6.168E-02  6.073E-02  5.789E-02  6.037E-02  5.676E-02  5.589E-02  5.586E-02  5.361E-02  5.198E-02  5.149E-02  4.893E-02  4.839E-02  4.668E-02  4.659E-02  4.382E-02  4.322E-02  4.224E-02  4.045E-02  3.911E-02  3.784E-02  3.743E-02  3.473E-02  3.461E-02  3.331E-02  3.214E-02  2.973E-02  2.927E-02  2.773E-02  2.676E-02  2.559E-02  2.412E-02  2.316E-02  2.199E-02  2.061E-02  1.972E-02  1.889E-02  1.757E-02  1.634E-02  1.516E-02  1.434E-02  1.411E-02  1.368E-02  1.204E-02  1.117E-02  1.114E-02  9.835E-03  9.633E-03  8.830E-03  8.209E-03  8.002E-03  8.100E-03  7.147E-03  6.191E-03  5.786E-03  5.544E-03  5.231E-03  4.643E-03  4.781E-03  4.270E-03  3.719E-03  3.518E-03  3.343E-03  3.024E-03  3.038E-03  2.721E-03  2.414E-03  2.390E-03  2.259E-03  1.994E-03  1.663E-03  1.817E-03  1.448E-03  1.557E-03  1.293E-03  1.098E-03  1.207E-03  8.424E-04  9.047E-04  6.624E-04  8.155E-04  6.333E-04  5.150E-04  5.644E-04  4.031E-04  4.440E-04  4.008E-04  3.287E-04  2.793E-04  2.516E-04  1.626E-04  1.497E-04  1.828E-04  1.625E-04  5.685E-05  1.353E-04  1.287E-04  1.050E-04  7.993E-05  3.680E-05  4.266E-05  4.300E-05  3.579E-05  3.054E-05  6.179E-06  1.755E-05  2.955E-05  0.000E+00  Z
 0.000E+00  0.000E+00  0.000E+00  0.000E+00  0.000E+00  0.000E+00  0.000E+00  0.000E+00  0.000E+00  0.000E+00  0.000E+00  5.996E-04  2.240E-03  4.600E-03  8.047E-03  1.068E-02  1.394E-02  1.678E-02  1.995E-02  2.376E-02  2.668E-02  3.059E-02  3.367E-02  3.617E-02  3.790E-02  4.118E-02  4.599E-02  4.949E-02  5.192E-02  5.384E-02  5.646E-02  6.080E-02  6.085E-02  6.394E-02  6.673E-02  6.954E-02  7.162E-02  7.440E-02  7.747E-02  7.675E-02  7.839E-02  8.098E-02  8.453E-02  8.294E-02  8.425E-02  8.489E-02  9.029E-02  9.037E-02  9.066E-02  9.056E-02  9.040E-02  9.284E-02  9.332E-02  9.574E-02  9.588E-02  9.644E-02  9.635E-02  9.471E-02  9.315E-02  9.279E-02  9.283E-02  9.228E-02  9.074E-02  8.834E-02  8.663E-02  8.725E-02  8.376E-02  8.269E-02  8.222E-02  7.917E-02  7.819E-02  7.694E-02  7.530E-02  7.422E-02  7.324E-02  7.066E-02  6.968E-02  6.774E-02  6.648E-02  6.588E-02  6.410E-02  6.273E-02  6.289E-02  5.883E-02  5.759E-02  5.711E-02  5.613E-02  5.566E-02  5.328E-02  5.037E-02  5.024E-02  4.954E-02  4.801E-02  4.836E-02  4.702E-02  4.546E-02  4.334E-02  4.245E-02  4.052E-02  3.941E-02  3.912E-02  3.685E-02  3.624E-02  3.435E-02  3.379E-02  3.186E-02  3.049E-02  2.973E-02  2.810E-02  2.754E-02  2.570E-02  2.483E-02  2.308E-02  2.233E-02  2.193E-02  2.066E-02  1.995E-02  1.803E-02  1.734E-02  1.549E-02  1.560E-02  1.423E-02  1.367E-02  1.236E-02  1.241E-02  1.183E-02  1.105E-02  1.062E-02  9.392E-03  8.673E-03  8.598E-03  7.905E-03  7.432E-03  6.893E-03  6.677E-03  6.132E-03  5.793E-03  5.390E-03  4.938E-03  4.269E-03  4.211E-03  3.841E-03  3.837E-03  3.311E-03  2.985E-03  2.945E-03  2.752E-03  2.613E-03  2.416E-03  2.045E-03  1.946E-03  1.678E-03  1.584E-03  1.535E-03  1.494E-03  1.318E-03  1.178E-03  1.099E-03  8.136E-04  9.664E-04  7.665E-04  7.542E-04  6.974E-04  4.934E-04  4.586E-04  4.322E-04  4.026E-04  4.257E-04  3.652E-04  2.499E-04  3.066E-04  2.687E-04  1.799E-04  1.540E-04  1.993E-04  1.236E-04  1.845E-04  1.427E-04  8.679E-05  1.152E-04  9.710E-05  1.835E-05  6.011E-05  4.247E-05  4.737E-05  2.995E-05  2.344E-05  0.000E+00  Z
 0.000E+00  0.000E+00  0.000E+00  0.000E+00  0.000E+00  0.000E+00  0.000E+00  4.768E-04  1.653E-03  3.285E-03  5.167E-03  6.989E-03  9.710E-03  1.181E-02  1.522E-02  1.716E-02  1.968E-02  2.322E-02  2.570E-02  2.682E-02  2.887E-02  3.379E-02  3.640E-02  3.728E-02  4.224E-02  4.398E-02  4.516E-02  4.660E-02  5.048E-02  5.261E-02  5.571E-02  5.755E-02  5.862E-02  5.994E-02  6.412E-02  6.382E-02  6.700E-02  6.955E-02  7.007E-02  7.151E-02  7.219E-02  7.342E-02  7.828E-02  7.753E-02  7.926E-02  7.897E-02  8.086E-02  8.231E-02  8.430E-02  8.284E-02  8.333E-02  8.340E-02  8.633E-02  8.398E-02  8.646E-02  8.311E-02  8.261E-02  8.467E-02  8.368E-02  8.479E-02  8.304E-02  8.265E-02  8.143E-02  8.097E-02  8.158E-02  7.882E-02  7.994E-02  7.933E-02  7.946E-02  7.817E-02  7.643E-02  7.700E-02  7.712E-02  7.597E-02  7.381E-02  7.464E-02  7.246E-02  7.162E-02  6.968E-02  6.804E-02  6.659E-02  6.497E-02  6.495E-02  6.361E-02  6.071E-02  6.045E-02  5.963E-02  5.742E-02  5.668E-02  5.557E-02  5.358E-02  5.312E-02  5.107E-02  5.006E-02  4.975E-02  4.719E-02  4.559E-02  4.511E-02  4.264E-02  4.149E-02  4.083E-02  4.010E-02  3.751E-02  3.681E-02  3.564E-02  3.466E-02  3.255E-02  3.214E-02  3.017E-02  2.947E-02  2.834E-02  2.721E-02  2.632E-02  2.472E-02  2.434E-02  2.280E-02  2.030E-02  2.077E-02  1.956E-02  1.892E-02  1.801E-02  1.637E-02  1.617E-02  1.535E-02  1.470E-02  1.435E-02  1.330E-02  1.184E-02  1.202E-02  1.069E-02  1.031E-02  9.461E-03  8.891E-03  8.445E-03  7.775E-03  7.516E-03  6.824E-03  6.509E-03  5.954E-03  5.638E-03  4.866E-03  4.907E-03  4.485E-03  4.121E-03  3.796E-03  3.679E-03  3.549E-03  3.163E-03  3.061E-03  2.604E-03  2.617E-03  2.332E-03  2.122E-03  2.131E-03  1.665E-03  1.674E-03  1.448E-03  1.386E-03  1.238E-03  1.213E-03  1.008E-03  1.069E-03  8.599E-04  8.184E-04  6.069E-04  6.921E-04  5.639E-04  5.705E-04  4.523E-04  4.402E-04  4.303E-04  2.939E-04  2.636E-04  2.556E-04  2.865E-04  1.667E-04  1.471E-04  1.355E-04  1.481E-04  9.106E-05  9.696E-05  1.094E-04  6.721E-05  1.277E-04  4.835E-05  4.836E-05  6.011E-05  2.950E-05  2.977E-05  3.578E-05  2.924E-05  2.358E-05  2.975E-05  0.000E+00  Z
 0.000E+00  0.000E+00  0.000E+00  0.000E+00  7.674E-05  5.225E-04  1.411E-03  2.566E-03  4.316E-03  5.274E-03  7.439E-03  9.784E-03  1.100E-02  1.335E-02  1.593E-02  1.783E-02  2.045E-02  2.234E-02  2.649E-02  2.768E-02  2.978E-02  3.216E-02  3.399E-02  3.735E-02  3.935E-02  4.219E-02  4.419E-02  4.690E-02  4.976E-02  5.086E-02  5.133E-02  5.510E-02  5.463E-02  5.905E-02  6.190E-02  6.223E-02  6.419E-02  6.511E-02  6.930E-02  6.872E-02  7.134E-02  7.058E-02  7.361E-02  7.526E-02  7.613E-02  7.626E-02  7.748E-02  7.821E-02  7.882E-02  7.957E-02  7.994E-02  8.168E-02  8.260E-02  8.145E-02  8.138E-02  8.099E-02  8.012E-02  8.179E-02  7.951E-02  8.026E-02  8.027E-02  7.945E-02  7.796E-02  7.930E-02  7.823E-02  7.686E-02  7.696E-02  7.690E-02  7.541E-02  7.610E-02  7.528E-02  7.443E-02  7.314E-02  7.311E-02  7.202E-02  7.020E-02  6.903E-02  6.912E-02  6.934E-02  6.863E-02  6.701E-02  6.507E-02  6.671E-02  6.331E-02  6.217E-02  6.197E-02  6.174E-02  5.909E-02  5.868E-02  5.722E-02  5.557E-02  5.431E-02  5.335E-02  5.185E-02  4.982E-02  4.971E-02  4.721E-02  4.627E-02  4.528E-02  4.386E-02  4.286E-02  4.136E-02  4.021E-02  3.886E-02  3.616E-02  3.646E-02  3.442E-02  3.373E-02  3.310E-02  3.052E-02  3.063E-02  2.834E-02  2.856E-02  2.671E-02  2.514E-02  2.441E-02  2.328E-02  2.232E-02  2.161E-02  2.049E-02  1.960E-02  1.889E-02  1.775E-02  1.676E-02  1.677E-02  1.491E-02  1.484E-02  1.404E-02  1.339E-02  1.284E-02  1.174E-02  1.130E-02  1.014E-02  1.017E-02  9.908E-03  9.047E-03  8.027E-03  7.934E-03  7.142E-03  6.507E-03  6.351E-03  6.099E-03  5.419E-03  5.260E-03  4.822E-03  4.550E-03  4.301E-03  3.932E-03  3.550E-03  3.308E-03  3.477E-03  3.078E-03  2.784E-03  2.503E-03  2.265E-03  1.976E-03  2.038E-03  1.781E-03  1.662E-03  1.516E-03  1.345E-03  1.236E-03  1.151E-03  1.069E-03  8.083E-04  9.633E-04  7.161E-04  5.623E-04  6.431E-04  5.464E-04  4.447E-04  5.882E-04  5.033E-04  4.038E-04  3.095E-04  3.316E-04  2.278E-04  2.831E-04  1.773E-04  1.702E-04  1.903E-04  1.651E-04  1.212E-04  1.208E-04  1.258E-04  4.802E-05  9.566E-05  6.560E-05  3.558E-05  4.796E-05  7.766E-05  2.376E-05  2.387E-05  3.570E-05  2.375E-05  1.796E-05  5.983E-06  1.138E-05  1.714E-05  1.174E-05  1.139E-05  5.524E-06  1.155E-05  0.000E+00  Z
 0.000E+00  0.000E+00  0.000E+00  8.758E-05  4.622E-04  9.409E-04  1.956E-03  2.894E-03  4.513E-03  5.303E-03  7.137E-03  9.013E-03  1.066E-02  1.432E-02  1.472E-02  1.704E-02  1.956E-02  2.116E-02  2.415E-02  2.651E-02  2.781E-02  3.047E-02  3.260E-02  3.619E-02  3.831E-02  4.010E-02  4.100E-02  4.355E-02  4.753E-02  5.080E-02  5.070E-02  5.326E-02  5.559E-02  5.657E-02  5.757E-02  6.002E-02  6.234E-02  6.376E-02  6.513E-02  6.665E-02  7.009E-02  6.911E-02  7.092E-02  7.114E-02  7.272E-02  7.404E-02  7.420E-02  7.420E-02  7.726E-02  7.733E-02  7.950E-02  7.915E-02  7.844E-02  8.045E-02  7.898E-02  7.904E-02  7.897E-02  8.029E-02  7.872E-02  7.814E-02  7.728E-02  7.713E-02  7.464E-02  7.450E-02  7.486E-02  7.618E-02  7.452E-02  7.595E-02  7.409E-02  7.446E-02  7.267E-02  7.234E-02  7.247E-02  7.105E-02  6.938E-02  7.025E-02  6.777E-02  6.860E-02  6.792E-02  6.693E-02  6.632E-02  6.421E-02  6.489E-02  6.287E-02  6.408E-02  5.945E-02  6.033E-02  5.950E-02  5.804E-02  5.628E-02  5.639E-02  5.557E-02  5.356E-02  5.169E-02  5.071E-02  5.046E-02  4.945E-02  4.769E-02  4.597E-02  4.579E-02  4.415E-02  4.271E-02  4.272E-02  4.060E-02  3.902E-02  3.785E-02  3.751E-02  3.520E-02  3.361E-02  3.307E-02  3.239E-02  3.079E-02  2.948E-02  2.789E-02  2.770E-02  2.605E-02  2.536E-02  2.381E-02  2.302E-02  2.295E-02  2.140E-02  2.056E-02  1.958E-02  1.826E-02  1.736E-02  1.750E-02  1.614E-02  1.517E-02  1.538E-02  1.385E-02  1.338E-02  1.317E-02  1.248E-02  1.124E-02  1.097E-02  1.032E-02  1.009E-02  9.518E-03  8.279E-03  8.170E-03  7.519E-03  7.168E-03  7.237E-03  6.442E-03  6.215E-03  5.884E-03  5.195E-03  4.899E-03  4.506E-03  4.223E-03  4.067E-03  3.914E-03  3.564E-03  3.337E-03  2.939E-03  2.368E-03  2.627E-03  2.406E-03  2.484E-03  1.927E-03  1.987E-03  1.844E-03  1.530E-03  1.538E-03  1.253E-03  1.360E-03  1.004E-03  1.020E-03  9.939E-04  9.102E-04  6.965E-04  5.673E-04  5.526E-04  4.989E-04  4.270E-04  4.023E-04  3.408E-04  3.547E-04  2.933E-04  2.201E-04  3.228E-04  1.829E-04  1.341E-04  1.999E-04  9.144E-05  1.317E-04  1.258E-04  1.315E-04  8.349E-05  7.134E-05  5.935E-05  5.323E-05  2.926E-05  5.896E-05  2.949E-05  5.851E-05  2.854E-05  3.500E-05  2.962E-05  2.884E-05  2.903E-05  1.146E-05  2.303E-05  5.633E-06  1.138E-05  5.912E-06  0.000E+00  Z
 0.000E+00  0.000E+00  5.181E-05  4.352E-05  4.628E-04  1.149E-03  1.987E-03  3.163E-03  4.512E-03  5.673E-03  7.037E-03  8.511E-03  1.068E-02  1.255E-02  1.553E-02  1.773E-02  1.933E-02  2.145E-02  2.404E-02  2.715E-02  2.876E-02  2.912E-02  3.286E-02  3.516E-02  3.763E-02  3.995E-02  4.124E-02  4.279E-02  4.679E-02  4.634E-02  4.866E-02  5.100E-02  5.283E-02  5.599E-02  5.840E-02  5.970E-02  6.151E-02  6.290E-02  6.387E-02  6.542E-02  6.659E-02  6.806E-02  7.054E-02  7.029E-02  7.084E-02  7.320E-02  7.427E-02  7.419E-02  7.697E-02  7.640E-02  7.633E-02  7.768E-02  7.824E-02  7.865E-02  7.753E-02  7.951E-02  7.826E-02  7.812E-02  7.567E-02  7.745E-02  7.557E-02  7.516E-02  7.674E-02  7.397E-02  7.486E-02  7.497E-02  7.550E-02  7.400E-02  7.431E-02  7.316E-02  7.235E-02  7.275E-02  7.079E-02  7.185E-02  7.068E-02  6.984E-02  6.974E-02  6.836E-02  6.690E-02  6.548E-02  6.641E-02  6.399E-02  6.301E-02  6.202E-02  6.159E-02  6.044E-02  5.997E-02  5.965E-02  5.708E-02  5.805E-02  5.591E-02  5.422E-02  5.332E-02  5.343E-02  5.207E-02  5.063E-02  4.938E-02  4.801E-02  4.707E-02  4.631E-02  4.428E-02  4.432E-02  4.275E-02  4.088E-02  3.926E-02  3.987E-02  3.721E-02  3.697E-02  3.462E-02  3.345E-02  3.328E-02  3.217E-02  3.077E-02  2.953E-02  2.830E-02  2.764E-02  2.633E-02  2.509E-02  2.454E-02  2.292E-02  2.312E-02  2.229E-02  2.066E-02  1.960E-02  1.940E-02  1.849E-02  1.782E-02  1.709E-02  1.579E-02  1.511E-02  1.450E-02  1.356E-02  1.285E-02  1.243E-02  1.146E-02  1.146E-02  1.066E-02  1.007E-02  9.649E-03  9.280E-03  8.656E-03  8.165E-03  7.618E-03  7.334E-03  6.973E-03  6.644E-03  6.095E-03  5.819E-03  5.292E-03  5.285E-03  4.452E-03  4.521E-03  3.996E-03  4.110E-03  3.512E-03  3.130E-03  2.798E-03  2.955E-03  2.638E-03  2.437E-03  2.193E-03  2.118E-03  2.018E-03  1.776E-03  1.474E-03  1.629E-03  1.294E-03  1.265E-03  1.223E-03  1.105E-03  9.319E-04  7.953E-04  8.324E-04  7.249E-04  5.694E-04  5.400E-04  6.145E-04  5.399E-04  3.813E-04  3.469E-04  3.237E-04  3.281E-04  3.321E-04  1.694E-04  2.477E-04  1.560E-04  1.574E-04  1.383E-04  1.072E-04  8.307E-05  7.039E-05  8.877E-05  9.365E-05  7.635E-05  8.244E-05  5.801E-05  6.399E-05  3.446E-05  2.966E-05  3.472E-05  4.025E-05  2.295E-05  2.929E-05  2.311E-05  2.826E-05  1.684E-05  1.682E-05  1.705E-05  0.000E+00  Z
 0.000E+00  0.000E+00  1.557E-04  1.748E-04  3.462E-04  1.116E-03  1.506E-03  2.805E-03  3.644E-03  5.303E-03  6.783E-03  8.244E-03  1.031E-02  1.230E-02  1.399E-02  1.617E-02  1.730E-02  2.021E-02  2.176E-02  2.486E-02  2.549E-02  2.786E-02  3.204E-02  3.223E-02  3.575E-02  3.784E-02  3.935E-02  4.212E-02  4.321E-02  4.468E-02  4.775E-02  5.022E-02  5.097E-02  5.271E-02  5.604E-02  5.665E-02  5.881E-02  6.254E-02  6.168E-02  6.515E-02  6.392E-02  6.660E-02  6.669E-02  6.665E-02  7.007E-02  7.191E-02  7.309E-02  7.428E-02  7.370E-02  7.613E-02  7.647E-02  7.679E-02  7.683E-02  7.691E-02  7.664E-02  7.726E-02  7.652E-02  7.510E-02  7.674E-02  7.763E-02  7.599E-02  7.726E-02  7.651E-02  7.362E-02  7.513E-02  7.509E-02  7.475E-02  7.488E-02  7.394E-02  7.247E-02  7.281E-02  7.370E-02  7.198E-02  6.955E-02  6.763E-02  7.093E-02  6.918E-02  6.841E-02  6.786E-02  6.682E-02  6.501E-02  6.443E-02  6.318E-02  6.304E-02  6.229E-02  6.164E-02  6.026E-02  5.942E-02  5.788E-02  5.787E-02  5.690E-02  5.506E-02  5.493E-02  5.249E-02  5.062E-02  5.076E-02  4.908E-02  4.830E-02  4.790E-02  4.596E-02  4.525E-02  4.347E-02  4.344E-02  4.175E-02  4.036E-02  3.948E-02  3.867E-02  3.748E-02  3.669E-02  3.451E-02  3.335E-02  3.263E-02  3.156E-02  3.071E-02  2.960E-02  2.871E-02  2.894E-02  2.622E-02  2.539E-02  2.435E-02  2.423E-02  2.308E-02  2.220E-02  2.093E-02  2.065E-02  1.925E-02  1.878E-02  1.819E-02  1.711E-02  1.692E-02  1.569E-02  1.502E-02  1.433E-02  1.344E-02  1.308E-02  1.255E-02  1.157E-02  1.111E-02  1.082E-02  1.000E-02  9.618E-03  8.706E-03  9.085E-03  8.588E-03  8.066E-03  7.556E-03  7.567E-03  6.334E-03  6.220E-03  6.187E-03  5.359E-03  5.415E-03  5.154E-03  4.466E-03  4.467E-03  4.438E-03  3.958E-03  3.343E-03  3.788E-03  3.117E-03  2.839E-03  2.740E-03  2.437E-03  2.190E-03  2.054E-03  2.047E-03  1.802E-03  1.644E-03  1.564E-03  1.485E-03  1.245E-03  1.332E-03  1.058E-03  9.355E-04  7.552E-04  8.051E-04  8.803E-04  6.185E-04  6.410E-04  5.175E-04  4.065E-04  3.594E-04  5.148E-04  3.738E-04  3.847E-04  2.843E-04  2.255E-04  2.619E-04  2.506E-04  1.852E-04  1.014E-04  1.651E-04  1.173E-04  1.186E-04  8.870E-05  8.056E-05  7.020E-05  7.553E-05  9.402E-05  4.059E-05  5.178E-05  4.726E-05  4.583E-05  2.276E-05  1.674E-05  1.110E-05  1.691E-05  1.719E-05  1.135E-05  1.135E-05  0.000E+00  Z
 0.000E+00  0.000E+00  1.550E-04  4.387E-05  5.779E-04  1.010E-03  2.051E-03  3.341E-03  3.590E-03  5.013E-03  7.441E-03  8.172E-03  1.045E-02  1.184E-02  1.406E-02  1.650E-02  1.620E-02  1.971E-02  2.247E-02  2.297E-02  2.484E-02  2.804E-02  3.082E-02  3.222E-02  3.441E-02  3.690E-02  3.776E-02  4.117E-02  4.177E-02  4.422E-02  4.696E-02  4.804E-02  5.226E-02  5.207E-02  5.404E-02  5.628E-02  5.811E-02  6.040E-02  5.982E-02  6.253E-02  6.382E-02  6.382E-02  6.633E-02  6.702E-02  7.109E-02  7.065E-02  7.162E-02  7.330E-02  7.382E-02  7.316E-02  7.618E-02  7.600E-02  7.673E-02  7.681E-02  7.555E-02  7.617E-02  7.660E-02  7.712E-02  7.656E-02  7.437E-02  7.449E-02  7.436E-02  7.543E-02  7.361E-02  7.484E-02  7.407E-02  7.441E-02  7.396E-02  7.296E-02  7.205E-02  7.259E-02  7.149E-02  7.095E-02  7.052E-02  6.883E-02  6.971E-02  6.936E-02  6.813E-02  6.729E-02  6.596E-02  6.611E-02  6.535E-02  6.330E-02  6.212E-02  6.265E-02  6.089E-02  6.112E-02  5.926E-02  5.843E-02  5.747E-02  5.565E-02  5.576E-02  5.303E-02  5.242E-02  5.304E-02  5.184E-02  5.129E-02  4.867E-02  4.648E-02  4.574E-02  4.642E-02  4.533E-02  4.284E-02  4.226E-02  4.109E-02  4.037E-02  3.890E-02  3.761E-02  3.615E-02  3.525E-02  3.456E-02  3.395E-02  3.253E-02  3.084E-02  3.109E-02  2.875E-02  2.781E-02  2.718E-02  2.700E-02  2.485E-02  2.402E-02  2.389E-02  2.331E-02  2.259E-02  2.159E-02  1.963E-02  1.930E-02  1.883E-02  1.724E-02  1.737E-02  1.642E-02  1.534E-02  1.545E-02  1.419E-02  1.352E-02  1.316E-02  1.249E-02  1.203E-02  1.158E-02  1.106E-02  9.955E-03  9.616E-03  8.862E-03  9.203E-03  8.504E-03  8.036E-03  7.581E-03  6.868E-03  6.986E-03  6.882E-03  5.817E-03  5.635E-03  5.358E-03  5.148E-03  4.703E-03  4.722E-03  4.292E-03  3.889E-03  3.664E-03  3.363E-03  3.193E-03  2.926E-03  2.723E-03  2.411E-03  2.400E-03  2.183E-03  2.100E-03  1.906E-03  1.889E-03  1.890E-03  1.434E-03  1.507E-03  1.348E-03  1.242E-03  1.141E-03  1.060E-03  8.576E-04  9.700E-04  8.021E-04  6.343E-04  5.303E-04  5.551E-04  5.199E-04  3.786E-04  4.106E-04  3.782E-04  2.517E-04  2.853E-04  1.982E-04  2.140E-04  1.548E-04  2.303E-04  7.665E-05  1.298E-04  8.222E-05  1.058E-04  1.158E-04  6.979E-05  8.751E-05  9.326E-05  1.097E-04  6.970E-05  4.038E-05  3.487E-05  1.114E-05  4.015E-05  2.291E-05  5.109E-05  1.109E-05  1.670E-05  3.426E-05  5.490E-06  0.000E+00  Z
 0.000E+00  0.000E+00  0.000E+00  1.317E-04  6.544E-04  7.657E-04  1.697E-03  2.240E-03  3.672E-03  4.351E-03  5.779E-03  7.230E-03  8.441E-03  1.081E-02  1.243E-02  1.424E-02  1.690E-02  1.854E-02  1.978E-02  2.236E-02  2.361E-02  2.741E-02  2.842E-02  3.187E-02  3.304E-02  3.457E-02  3.755E-02  3.939E-02  4.215E-02  4.196E-02  4.587E-02  4.717E-02  4.809E-02  5.180E-02  5.322E-02  5.443E-02  5.681E-02  5.749E-02  6.040E-02  6.048E-02  6.368E-02  6.385E-02  6.690E-02  6.682E-02  6.846E-02  6.999E-02  7.040E-02  7.103E-02  7.235E-02  7.286E-02  7.507E-02  7.444E-02  7.350E-02  7.437E-02  7.495E-02  7.539E-02  7.886E-02  7.515E-02  7.575E-02  7.449E-02  7.502E-02  7.575E-02  7.494E-02  7.278E-02  7.469E-02  7.309E-02  7.427E-02  7.238E-02  7.363E-02  7.217E-02  7.191E-02  7.246E-02  7.186E-02  7.017E-02  6.811E-02  7.044E-02  6.774E-02  6.763E-02  6.782E-02  6.679E-02  6.664E-02  6.697E-02  6.346E-02  6.245E-02  6.271E-02  6.132E-02  6.105E-02  5.951E-02  5.947E-02  5.736E-02  5.732E-02  5.654E-02  5.513E-02  5.262E-02  5.300E-02  5.072E-02  5.060E-02  4.939E-02  4.858E-02  4.687E-02  4.516E-02  4.481E-02  4.448E-02  4.304E-02  4.217E-02  4.027E-02  3.919E-02  3.819E-02  3.672E-02  3.627E-02  3.449E-02  3.424E-02  3.293E-02  3.180E-02  3.053E-02  2.995E-02  2.815E-02  2.710E-02  2.757E-02  2.602E-02  2.513E-02  2.483E-02  2.267E-02  2.253E-02  2.159E-02  2.073E-02  1.984E-02  1.994E-02  1.885E-02  1.749E-02  1.730E-02  1.673E-02  1.577E-02  1.531E-02  1.492E-02  1.394E-02  1.338E-02  1.372E-02  1.196E-02  1.209E-02  1.163E-02  1.081E-02  1.039E-02  1.024E-02  9.615E-03  9.028E-03  8.591E-03  8.327E-03  7.601E-03  7.593E-03  7.118E-03  6.516E-03  6.230E-03  6.293E-03  5.577E-03  5.535E-03  5.178E-03  4.806E-03  4.463E-03  4.180E-03  3.833E-03  4.051E-03  3.786E-03  3.403E-03  3.168E-03  3.096E-03  2.883E-03  2.672E-03  2.356E-03  2.284E-03  2.074E-03  1.909E-03  1.751E-03  1.651E-03  1.584E-03  1.241E-03  1.197E-03  1.135E-03  1.056E-03  1.055E-03  1.004E-03  6.924E-04  7.337E-04  6.529E-04  6.074E-04  4.447E-04  4.534E-04  4.061E-04  3.040E-04  2.665E-04  2.702E-04  2.658E-04  2.659E-04  1.529E-04  1.471E-04  1.403E-04  1.531E-04  9.347E-05  9.325E-05  8.230E-05  8.016E-05  8.008E-05  5.106E-05  6.963E-05  4.602E-05  7.355E-05  6.209E-05  1.687E-05  2.827E-05  5.454E-06  2.816E-05  2.819E-05  3.390E-05  0.000E+00  Z
 0.000E+00  0.000E+00  5.177E-05  2.181E-04  4.628E-04  8.703E-04  1.668E-03  1.909E-03  2.576E-03  4.057E-03  6.153E-03  6.895E-03  7.949E-03  9.345E-03  1.172E-02  1.299E-02  1.499E-02  1.686E-02  1.965E-02  2.005E-02  2.257E-02  2.497E-02  2.693E-02  3.100E-02  3.070E-02  3.309E-02  3.531E-02  3.824E-02  4.024E-02  4.169E-02  4.288E-02  4.497E-02  4.737E-02  4.841E-02  5.213E-02  5.256E-02  5.607E-02  5.576E-02  5.932E-02  6.064E-02  6.123E-02  6.326E-02  6.323E-02  6.531E-02  6.690E-02  6.789E-02  7.010E-02  7.117E-02  7.050E-02  7.294E-02  7.176E-02  7.294E-02  7.518E-02  7.384E-02  7.526E-02  7.572E-02  7.574E-02  7.571E-02  7.584E-02  7.580E-02  7.256E-02  7.443E-02  7.499E-02  7.483E-02  7.518E-02  7.522E-02  7.377E-02  7.332E-02  7.264E-02  7.321E-02  7.281E-02  7.129E-02  7.159E-02  7.303E-02  6.892E-02  6.965E-02  6.959E-02  6.789E-02  6.725E-02  6.597E-02  6.668E-02  6.620E-02  6.501E-02  6.363E-02  6.187E-02  6.242E-02  6.145E-02  6.040E-02  5.916E-02  5.975E-02  5.697E-02  5.734E-02  5.423E-02  5.360E-02  5.221E-02  5.141E-02  5.140E-02  5.036E-02  4.907E-02  4.820E-02  4.686E-02  4.552E-02  4.494E-02  4.388E-02  4.246E-02  4.120E-02  4.027E-02  4.008E-02  3.770E-02  3.577E-02  3.570E-02  3.387E-02  3.392E-02  3.265E-02  3.211E-02  2.980E-02  3.075E-02  2.898E-02  2.832E-02  2.752E-02  2.626E-02  2.459E-02  2.409E-02  2.357E-02  2.233E-02  2.164E-02  2.184E-02  2.035E-02  2.008E-02  1.888E-02  1.791E-02  1.765E-02  1.715E-02  1.633E-02  1.577E-02  1.484E-02  1.455E-02  1.407E-02  1.352E-02  1.365E-02  1.275E-02  1.180E-02  1.117E-02  1.096E-02  1.067E-02  9.749E-03  1.016E-02  9.407E-03  9.109E-03  8.585E-03  8.317E-03  7.763E-03  7.823E-03  6.803E-03  6.798E-03  6.472E-03  6.236E-03  5.703E-03  5.703E-03  5.682E-03  4.939E-03  4.552E-03  4.425E-03  4.332E-03  3.924E-03  3.647E-03  3.593E-03  3.095E-03  3.262E-03  2.797E-03  2.638E-03  2.545E-03  2.336E-03  2.477E-03  2.154E-03  2.026E-03  1.726E-03  1.586E-03  1.638E-03  1.370E-03  1.333E-03  1.251E-03  1.146E-03  9.623E-04  8.069E-04  7.585E-04  7.294E-04  8.117E-04  5.909E-04  5.166E-04  4.987E-04  4.858E-04  4.171E-04  2.739E-04  3.419E-04  3.246E-04  3.172E-04  1.721E-04  1.809E-04  1.907E-04  1.854E-04  1.435E-04  1.262E-04  8.068E-05  1.491E-04  1.082E-04  6.247E-05  8.000E-05  5.698E-05  1.121E-05  3.893E-05  2.293E-05  3.359E-05  2.277E-05  2.883E-05  3.951E-05  1.084E-05  2.196E-05  5.620E-06  2.791E-05  1.068E-05  5.652E-06  5.339E-06  1.088E-05  1.065E-05  0.000E+00  Z
